run_started_utc,run_finished_utc,job,status,rows_written,duration_sec,message
2026-08-28T13:55:16+00:00,2026-08-28T13:56:42+00:00,ingest_demo,SUCCESS,36288,86.1,SYNTHETIC demand - not for publication
2026-08-29T14:17:10+00:00,2026-08-29T14:17:19+00:00,transform,SUCCESS,9072,9.0,
2026-08-29T14:19:23+00:00,2026-08-29T14:19:24+00:00,transform,SUCCESS,9072,1.1,
2026-08-29T14:28:20+00:00,2026-08-29T14:28:21+00:00,build_web_data,SUCCESS,372,0.6,
2026-08-30T02:46:33+00:00,2026-08-30T02:46:34+00:00,transform,SUCCESS,9072,1.0,
2026-08-30T02:46:38+00:00,2026-08-30T02:46:39+00:00,build_web_data,SUCCESS,372,0.3,
2026-08-30T02:47:49+00:00,2026-08-30T02:47:49+00:00,transform,SUCCESS,9072,0.6,
2026-08-30T02:47:53+00:00,2026-08-30T02:47:54+00:00,build_web_data,SUCCESS,372,0.3,
2026-09-21T18:01:42+00:00,2026-09-21T18:01:58+00:00,probe,SUCCESS,83,16.2,missing=[]
2026-09-21T18:02:05+00:00,2026-09-21T18:45:42+00:00,ingest_backfill,SUCCESS,1841160,2616.4,
2026-09-21T18:45:59+00:00,2026-09-21T18:46:06+00:00,transform,SUCCESS,110016,7.7,
2026-09-21T18:46:12+00:00,2026-09-21T18:46:13+00:00,build_web_data,SUCCESS,2406,0.8,
2026-09-21T18:46:55+00:00,2026-09-21T18:47:02+00:00,transform,SUCCESS,110016,7.0,
2026-09-21T18:47:07+00:00,2026-09-21T18:47:08+00:00,build_web_data,SUCCESS,2406,0.5,
2026-09-21T20:41:13+00:00,2026-09-21T21:03:28+00:00,ingest_backfill,SUCCESS,1841184,1335.5,
2026-09-21T21:03:29+00:00,2026-09-21T21:03:34+00:00,transform,SUCCESS,110016,5.5,
2026-09-21T21:03:36+00:00,2026-09-21T21:03:36+00:00,build_web_data,SUCCESS,2406,0.2,
2026-09-22T00:02:39+00:00,2026-09-22T00:16:05+00:00,ingest_hourly,SUCCESS,28704,806.0,
2026-09-22T00:16:06+00:00,2026-09-22T00:16:11+00:00,transform,SUCCESS,110160,5.6,
2026-09-22T00:16:13+00:00,2026-09-22T00:16:14+00:00,build_web_data,SUCCESS,2400,0.3,
2026-09-22T04:44:49+00:00,2026-09-22T04:49:32+00:00,ingest_hourly,SUCCESS,28477,283.1,
2026-09-22T04:49:33+00:00,2026-09-22T04:49:38+00:00,transform,SUCCESS,110160,4.7,
2026-09-22T04:49:40+00:00,2026-09-22T04:49:40+00:00,build_web_data,SUCCESS,2400,0.3,
2026-09-22T09:52:46+00:00,2026-09-22T10:03:02+00:00,ingest_hourly,SUCCESS,28181,616.1,
2026-09-22T10:03:03+00:00,2026-09-22T10:03:08+00:00,transform,SUCCESS,110160,4.7,
2026-09-22T10:03:10+00:00,2026-09-22T10:03:10+00:00,build_web_data,SUCCESS,2406,0.3,
2026-09-22T14:44:30+00:00,2026-09-22T14:53:48+00:00,ingest_hourly,SUCCESS,29253,557.9,
2026-09-22T14:53:48+00:00,2026-09-22T14:53:53+00:00,transform,SUCCESS,110160,5.0,
2026-09-22T14:53:55+00:00,2026-09-22T14:53:55+00:00,build_web_data,SUCCESS,2406,0.3,
2026-09-22T18:48:52+00:00,2026-09-22T18:53:35+00:00,ingest_hourly,SUCCESS,29031,283.0,
2026-09-22T18:53:36+00:00,2026-09-22T18:53:40+00:00,transform,SUCCESS,110160,4.7,
2026-09-22T18:53:42+00:00,2026-09-22T18:53:43+00:00,build_web_data,SUCCESS,2406,0.3,
2026-09-22T22:00:27+00:00,2026-09-22T22:10:43+00:00,ingest_hourly,SUCCESS,28839,616.4,
2026-09-22T22:10:44+00:00,2026-09-22T22:10:49+00:00,transform,SUCCESS,110160,4.9,
2026-09-22T22:10:50+00:00,2026-09-22T22:10:50+00:00,build_web_data,SUCCESS,2406,0.2,
2026-09-23T00:22:45+00:00,2026-09-23T00:31:57+00:00,ingest_hourly,SUCCESS,28727,552.4,
2026-09-23T00:31:58+00:00,2026-09-23T00:32:03+00:00,transform,SUCCESS,110304,5.5,
2026-09-23T00:32:05+00:00,2026-09-23T00:32:05+00:00,build_web_data,SUCCESS,2400,0.3,
2026-09-23T05:52:48+00:00,2026-09-23T06:01:57+00:00,ingest_hourly,SUCCESS,28445,549.0,
2026-09-23T06:01:57+00:00,2026-09-23T06:02:02+00:00,transform,SUCCESS,110304,4.8,
2026-09-23T06:02:04+00:00,2026-09-23T06:02:04+00:00,build_web_data,SUCCESS,2405,0.3,
2026-09-23T11:25:48+00:00,2026-09-23T11:35:56+00:00,ingest_hourly,SUCCESS,29329,607.4,
2026-09-23T11:35:56+00:00,2026-09-23T11:36:01+00:00,transform,SUCCESS,110304,4.5,
2026-09-23T11:36:03+00:00,2026-09-23T11:36:03+00:00,build_web_data,SUCCESS,2406,0.3,
2026-09-23T16:48:51+00:00,2026-09-23T16:54:11+00:00,ingest_hourly,SUCCESS,29205,320.7,
2026-09-23T16:54:12+00:00,2026-09-23T16:54:17+00:00,transform,SUCCESS,110304,4.8,
2026-09-23T16:54:19+00:00,2026-09-23T16:54:19+00:00,build_web_data,SUCCESS,2406,0.3,
2026-09-23T20:14:35+00:00,2026-09-23T20:27:11+00:00,ingest_hourly,SUCCESS,28975,756.9,
2026-09-23T20:27:12+00:00,2026-09-23T20:27:18+00:00,transform,SUCCESS,110304,5.7,
2026-09-23T20:27:20+00:00,2026-09-23T20:27:20+00:00,build_web_data,SUCCESS,2406,0.3,
2026-09-23T23:37:37+00:00,2026-09-23T23:44:33+00:00,ingest_hourly,SUCCESS,28063,416.3,
2026-09-23T23:44:34+00:00,2026-09-23T23:44:38+00:00,transform,SUCCESS,110304,4.6,
2026-09-23T23:44:40+00:00,2026-09-23T23:44:41+00:00,build_web_data,SUCCESS,2406,0.3,
2026-09-24T04:37:42+00:00,2026-09-24T04:46:48+00:00,ingest_hourly,SUCCESS,28524,545.7,
2026-09-24T04:46:48+00:00,2026-09-24T04:46:53+00:00,transform,SUCCESS,110448,4.3,
2026-09-24T04:46:54+00:00,2026-09-24T04:46:55+00:00,build_web_data,SUCCESS,2400,0.2,
2026-09-24T09:55:00+00:00,2026-09-24T10:04:12+00:00,ingest_hourly,SUCCESS,28223,552.7,
2026-09-24T10:04:13+00:00,2026-09-24T10:04:18+00:00,transform,SUCCESS,110448,5.1,
2026-09-24T10:04:20+00:00,2026-09-24T10:04:20+00:00,build_web_data,SUCCESS,2406,0.2,
2026-09-24T14:57:43+00:00,2026-09-24T15:05:44+00:00,ingest_hourly,SUCCESS,29331,481.3,
2026-09-24T15:05:45+00:00,2026-09-24T15:05:49+00:00,transform,SUCCESS,110448,4.7,
2026-09-24T15:05:52+00:00,2026-09-24T15:05:52+00:00,build_web_data,SUCCESS,2406,0.3,
2026-09-24T19:03:20+00:00,2026-09-24T19:15:09+00:00,ingest_hourly,SUCCESS,29040,709.0,
2026-09-24T19:15:09+00:00,2026-09-24T19:15:15+00:00,transform,SUCCESS,110448,5.8,
2026-09-24T19:15:17+00:00,2026-09-24T19:15:17+00:00,build_web_data,SUCCESS,2406,0.3,
2026-09-24T22:17:14+00:00,2026-09-24T22:28:50+00:00,ingest_hourly,SUCCESS,28869,695.6,
2026-09-24T22:28:51+00:00,2026-09-24T22:28:56+00:00,transform,SUCCESS,110448,5.7,
2026-09-24T22:28:58+00:00,2026-09-24T22:28:59+00:00,build_web_data,SUCCESS,2406,0.3,
2026-09-25T01:25:04+00:00,2026-09-25T01:32:00+00:00,ingest_hourly,SUCCESS,28698,415.2,
2026-09-25T01:32:00+00:00,2026-09-25T01:32:05+00:00,transform,SUCCESS,110592,4.8,
2026-09-25T01:32:07+00:00,2026-09-25T01:32:07+00:00,build_web_data,SUCCESS,2400,0.3,
2026-09-25T07:40:49+00:00,2026-09-25T07:53:19+00:00,ingest_hourly,SUCCESS,28337,749.6,
2026-09-25T07:53:19+00:00,2026-09-25T07:53:24+00:00,transform,SUCCESS,110592,4.6,
2026-09-25T07:53:26+00:00,2026-09-25T07:53:26+00:00,build_web_data,SUCCESS,2405,0.3,
2026-09-25T13:39:54+00:00,2026-09-25T13:49:07+00:00,ingest_hourly,SUCCESS,29382,552.9,
2026-09-25T13:49:08+00:00,2026-09-25T13:49:13+00:00,transform,SUCCESS,110592,4.9,
2026-09-25T13:49:15+00:00,2026-09-25T13:49:15+00:00,build_web_data,SUCCESS,2406,0.3,
2026-09-25T18:31:01+00:00,2026-09-25T18:43:36+00:00,ingest_hourly,SUCCESS,29097,755.3,
2026-09-25T18:43:37+00:00,2026-09-25T18:43:42+00:00,transform,SUCCESS,110592,4.7,
2026-09-25T18:43:44+00:00,2026-09-25T18:43:44+00:00,build_web_data,SUCCESS,2406,0.3,
2026-09-25T22:14:34+00:00,2026-09-25T22:27:00+00:00,ingest_hourly,SUCCESS,28869,745.1,
2026-09-25T22:27:00+00:00,2026-09-25T22:27:05+00:00,transform,SUCCESS,110592,4.9,
2026-09-25T22:27:07+00:00,2026-09-25T22:27:08+00:00,build_web_data,SUCCESS,2406,0.3,
2026-09-26T07:34:20+00:00,2026-09-26T07:41:14+00:00,ingest_hourly,SUCCESS,28337,414.4,
2026-09-26T07:41:15+00:00,2026-09-26T07:41:20+00:00,transform,SUCCESS,110736,4.6,
2026-09-26T07:41:22+00:00,2026-09-26T07:41:22+00:00,build_web_data,SUCCESS,2405,0.3,
2026-09-26T13:00:11+00:00,2026-09-26T13:13:26+00:00,ingest_hourly,SUCCESS,29381,795.5,
2026-09-26T13:13:27+00:00,2026-09-26T13:13:32+00:00,transform,SUCCESS,110736,4.8,
2026-09-26T13:13:34+00:00,2026-09-26T13:13:34+00:00,build_web_data,SUCCESS,2406,0.3,
2026-09-26T17:05:45+00:00,2026-09-26T17:15:10+00:00,ingest_hourly,SUCCESS,29153,564.8,
2026-09-26T17:15:11+00:00,2026-09-26T17:15:16+00:00,transform,SUCCESS,110736,4.8,
2026-09-26T17:15:18+00:00,2026-09-26T17:15:18+00:00,build_web_data,SUCCESS,2406,0.3,
2026-09-26T19:46:03+00:00,2026-09-26T19:52:57+00:00,ingest_hourly,SUCCESS,29039,414.3,
2026-09-26T19:52:58+00:00,2026-09-26T19:53:02+00:00,transform,SUCCESS,110736,4.6,
2026-09-26T19:53:04+00:00,2026-09-26T19:53:05+00:00,build_web_data,SUCCESS,2406,0.3,
2026-09-26T22:42:25+00:00,2026-09-26T22:47:03+00:00,ingest_hourly,SUCCESS,28868,278.2,
2026-09-26T22:47:04+00:00,2026-09-26T22:47:08+00:00,transform,SUCCESS,110736,4.8,
2026-09-26T22:47:11+00:00,2026-09-26T22:47:11+00:00,build_web_data,SUCCESS,2406,0.3,
2026-09-27T01:21:15+00:00,2026-09-27T01:33:47+00:00,ingest_hourly,SUCCESS,28697,752.4,
2026-09-27T01:33:48+00:00,2026-09-27T01:33:53+00:00,transform,SUCCESS,110880,5.2,
2026-09-27T01:33:55+00:00,2026-09-27T01:33:55+00:00,build_web_data,SUCCESS,2400,0.2,
2026-09-27T08:02:17+00:00,2026-09-27T08:11:33+00:00,ingest_hourly,SUCCESS,28273,555.5,
2026-09-27T08:11:33+00:00,2026-09-27T08:11:38+00:00,transform,SUCCESS,110880,4.7,
2026-09-27T08:11:40+00:00,2026-09-27T08:11:40+00:00,build_web_data,SUCCESS,2406,0.3,
2026-09-27T13:52:36+00:00,2026-09-27T14:02:53+00:00,ingest_hourly,SUCCESS,29354,617.4,
2026-09-27T14:02:54+00:00,2026-09-27T14:02:59+00:00,transform,SUCCESS,110880,5.5,
2026-09-27T14:03:01+00:00,2026-09-27T14:03:02+00:00,build_web_data,SUCCESS,2406,0.3,
2026-09-27T18:17:59+00:00,2026-09-27T18:27:16+00:00,ingest_hourly,SUCCESS,29058,557.4,
2026-09-27T18:27:16+00:00,2026-09-27T18:27:22+00:00,transform,SUCCESS,110880,5.4,
2026-09-27T18:27:24+00:00,2026-09-27T18:27:24+00:00,build_web_data,SUCCESS,2406,0.2,
2026-09-27T22:02:42+00:00,2026-09-27T22:15:20+00:00,ingest_hourly,SUCCESS,28868,757.3,
2026-09-27T22:15:20+00:00,2026-09-27T22:15:25+00:00,transform,SUCCESS,110880,5.0,
2026-09-27T22:15:27+00:00,2026-09-27T22:15:28+00:00,build_web_data,SUCCESS,2406,0.3,
2026-09-28T00:35:39+00:00,2026-09-28T00:48:00+00:00,ingest_hourly,SUCCESS,28754,740.9,
2026-09-28T00:48:00+00:00,2026-09-28T00:48:05+00:00,transform,SUCCESS,111024,4.6,
2026-09-28T00:48:07+00:00,2026-09-28T00:48:07+00:00,build_web_data,SUCCESS,2400,0.3,
2026-09-28T06:43:41+00:00,2026-09-28T06:52:57+00:00,ingest_hourly,SUCCESS,28399,556.0,
2026-09-28T06:52:58+00:00,2026-09-28T06:53:04+00:00,transform,SUCCESS,111024,5.8,
2026-09-28T06:53:06+00:00,2026-09-28T06:53:06+00:00,build_web_data,SUCCESS,2405,0.4,
2026-09-28T15:20:37+00:00,2026-09-28T15:27:50+00:00,ingest_hourly,SUCCESS,29143,432.8,
2026-09-28T15:27:51+00:00,2026-09-28T15:27:55+00:00,transform,SUCCESS,111024,4.7,
2026-09-28T15:27:57+00:00,2026-09-28T15:27:58+00:00,build_web_data,SUCCESS,2406,0.3,
2026-09-28T21:52:40+00:00,2026-09-28T22:05:03+00:00,ingest_hourly,SUCCESS,28867,743.5,
2026-09-28T22:05:04+00:00,2026-09-28T22:05:08+00:00,transform,SUCCESS,111024,4.2,
2026-09-28T22:05:10+00:00,2026-09-28T22:05:10+00:00,build_web_data,SUCCESS,2406,0.2,
2026-09-29T01:50:08+00:00,2026-09-29T01:59:24+00:00,ingest_hourly,SUCCESS,28680,555.5,
2026-09-29T01:59:24+00:00,2026-09-29T01:59:29+00:00,transform,SUCCESS,111168,4.4,
2026-09-29T01:59:30+00:00,2026-09-29T01:59:30+00:00,build_web_data,SUCCESS,2400,0.3,
2026-09-29T08:22:04+00:00,2026-09-29T08:31:11+00:00,ingest_hourly,SUCCESS,28254,546.8,
2026-09-29T08:31:11+00:00,2026-09-29T08:31:16+00:00,transform,SUCCESS,111168,4.5,
2026-09-29T08:31:18+00:00,2026-09-29T08:31:18+00:00,build_web_data,SUCCESS,2406,0.2,
2026-09-29T15:42:53+00:00,2026-09-29T15:56:31+00:00,ingest_hourly,SUCCESS,29255,818.4,
2026-09-29T15:56:32+00:00,2026-09-29T15:56:37+00:00,transform,SUCCESS,111168,4.9,
2026-09-29T15:56:39+00:00,2026-09-29T15:56:39+00:00,build_web_data,SUCCESS,2406,0.3,
2026-09-29T20:41:58+00:00,2026-09-29T20:55:00+00:00,ingest_hourly,SUCCESS,28975,782.1,
2026-09-29T20:55:01+00:00,2026-09-29T20:55:05+00:00,transform,SUCCESS,111168,4.8,
2026-09-29T20:55:07+00:00,2026-09-29T20:55:08+00:00,build_web_data,SUCCESS,2406,0.3,
2026-09-30T00:21:02+00:00,2026-09-30T00:27:54+00:00,ingest_hourly,SUCCESS,28751,412.0,
2026-09-30T00:27:54+00:00,2026-09-30T00:27:59+00:00,transform,SUCCESS,111312,4.7,
2026-09-30T00:28:01+00:00,2026-09-30T00:28:01+00:00,build_web_data,SUCCESS,2400,0.3,
2026-09-30T06:37:58+00:00,2026-09-30T06:50:25+00:00,ingest_hourly,SUCCESS,28402,747.3,
2026-09-30T06:50:25+00:00,2026-09-30T06:50:30+00:00,transform,SUCCESS,111312,4.7,
2026-09-30T06:50:32+00:00,2026-09-30T06:50:33+00:00,build_web_data,SUCCESS,2405,0.3,
2026-09-30T13:36:54+00:00,2026-09-30T13:51:49+00:00,ingest_hourly,SUCCESS,29359,895.7,
2026-09-30T13:51:50+00:00,2026-09-30T13:51:53+00:00,transform,SUCCESS,111312,3.4,
2026-09-30T13:51:54+00:00,2026-09-30T13:51:54+00:00,build_web_data,SUCCESS,2406,0.2,
2026-09-30T19:10:03+00:00,2026-09-30T19:23:10+00:00,ingest_hourly,SUCCESS,29017,787.1,
2026-09-30T19:23:11+00:00,2026-09-30T19:23:16+00:00,transform,SUCCESS,111312,4.9,
2026-09-30T19:23:18+00:00,2026-09-30T19:23:18+00:00,build_web_data,SUCCESS,2406,0.3,
2026-09-30T22:58:51+00:00,2026-09-30T23:07:58+00:00,ingest_hourly,SUCCESS,28893,547.1,
2026-09-30T23:07:59+00:00,2026-09-30T23:08:04+00:00,transform,SUCCESS,111312,5.5,
2026-09-30T23:08:06+00:00,2026-09-30T23:08:06+00:00,build_web_data,SUCCESS,2406,0.3,
2026-10-01T02:02:48+00:00,2026-10-01T02:12:14+00:00,ingest_hourly,SUCCESS,28663,565.5,
2026-10-01T02:12:14+00:00,2026-10-01T02:12:17+00:00,transform,SUCCESS,111456,3.3,
2026-10-01T02:12:19+00:00,2026-10-01T02:12:19+00:00,build_web_data,SUCCESS,2400,0.2,
2026-10-01T08:47:21+00:00,2026-10-01T08:58:07+00:00,ingest_hourly,SUCCESS,28298,646.3,
2026-10-01T08:58:07+00:00,2026-10-01T08:58:13+00:00,transform,SUCCESS,111456,5.5,
2026-10-01T08:58:15+00:00,2026-10-01T08:58:15+00:00,build_web_data,SUCCESS,2406,0.3,
2026-10-01T16:20:34+00:00,2026-10-01T16:28:42+00:00,ingest_hourly,SUCCESS,29235,488.6,
2026-10-01T16:28:43+00:00,2026-10-01T16:28:48+00:00,transform,SUCCESS,111456,4.6,
2026-10-01T16:28:50+00:00,2026-10-01T16:28:50+00:00,build_web_data,SUCCESS,2406,0.3,
2026-10-01T21:46:44+00:00,2026-10-01T21:59:34+00:00,ingest_hourly,SUCCESS,28950,770.3,
2026-10-01T21:59:35+00:00,2026-10-01T21:59:41+00:00,transform,SUCCESS,111456,5.9,
2026-10-01T21:59:43+00:00,2026-10-01T21:59:43+00:00,build_web_data,SUCCESS,2406,0.3,
2026-10-02T01:37:19+00:00,2026-10-02T01:46:55+00:00,ingest_hourly,SUCCESS,28722,575.7,
2026-10-02T01:46:55+00:00,2026-10-02T01:47:00+00:00,transform,SUCCESS,111600,4.9,
2026-10-02T01:47:02+00:00,2026-10-02T01:47:02+00:00,build_web_data,SUCCESS,2400,0.2,
2026-10-02T08:24:46+00:00,2026-10-02T08:33:50+00:00,ingest_hourly,SUCCESS,28298,544.5,
2026-10-02T08:33:51+00:00,2026-10-02T08:33:57+00:00,transform,SUCCESS,111600,5.6,
2026-10-02T08:33:59+00:00,2026-10-02T08:33:59+00:00,build_web_data,SUCCESS,2406,0.3,
2026-10-02T15:44:00+00:00,2026-10-02T15:54:46+00:00,ingest_hourly,SUCCESS,29188,646.8,
2026-10-02T15:54:47+00:00,2026-10-02T15:54:52+00:00,transform,SUCCESS,111600,4.6,
2026-10-02T15:54:54+00:00,2026-10-02T15:54:54+00:00,build_web_data,SUCCESS,2406,0.3,
2026-10-02T20:39:44+00:00,2026-10-02T20:52:03+00:00,ingest_hourly,SUCCESS,28888,738.9,
2026-10-02T20:52:03+00:00,2026-10-02T20:52:08+00:00,transform,SUCCESS,111600,4.9,
2026-10-02T20:52:10+00:00,2026-10-02T20:52:11+00:00,build_web_data,SUCCESS,2406,0.3,
2026-10-03T00:24:57+00:00,2026-10-03T00:31:54+00:00,ingest_hourly,SUCCESS,28779,416.7,
2026-10-03T00:31:54+00:00,2026-10-03T00:31:59+00:00,transform,SUCCESS,111744,4.7,
2026-10-03T00:32:01+00:00,2026-10-03T00:32:01+00:00,build_web_data,SUCCESS,2400,0.3,
2026-10-03T06:23:39+00:00,2026-10-03T06:35:07+00:00,ingest_hourly,SUCCESS,28424,688.6,
2026-10-03T06:35:08+00:00,2026-10-03T06:35:12+00:00,transform,SUCCESS,111744,4.8,
2026-10-03T06:35:14+00:00,2026-10-03T06:35:14+00:00,build_web_data,SUCCESS,2405,0.2,
2026-10-03T12:27:51+00:00,2026-10-03T12:33:01+00:00,ingest_hourly,SUCCESS,29463,310.2,
2026-10-03T12:33:01+00:00,2026-10-03T12:33:06+00:00,transform,SUCCESS,111744,4.6,
2026-10-03T12:33:08+00:00,2026-10-03T12:33:08+00:00,build_web_data,SUCCESS,2406,0.3,
2026-10-03T17:12:43+00:00,2026-10-03T17:23:09+00:00,ingest_hourly,SUCCESS,29178,625.4,
2026-10-03T17:23:09+00:00,2026-10-03T17:23:14+00:00,transform,SUCCESS,111744,4.8,
2026-10-03T17:23:16+00:00,2026-10-03T17:23:16+00:00,build_web_data,SUCCESS,2406,0.3,
2026-10-03T21:08:31+00:00,2026-10-03T21:19:57+00:00,ingest_hourly,SUCCESS,28950,686.2,
2026-10-03T21:19:58+00:00,2026-10-03T21:20:02+00:00,transform,SUCCESS,111744,4.4,
2026-10-03T21:20:04+00:00,2026-10-03T21:20:04+00:00,build_web_data,SUCCESS,2406,0.2,
2026-10-03T23:45:02+00:00,2026-10-03T23:49:51+00:00,ingest_hourly,SUCCESS,28092,289.2,
2026-10-03T23:49:52+00:00,2026-10-03T23:49:57+00:00,transform,SUCCESS,111744,5.0,
2026-10-03T23:49:59+00:00,2026-10-03T23:49:59+00:00,build_web_data,SUCCESS,2406,0.3,
2026-10-04T05:42:58+00:00,2026-10-04T05:49:56+00:00,ingest_hourly,SUCCESS,28486,418.0,
2026-10-04T05:49:57+00:00,2026-10-04T05:50:02+00:00,transform,SUCCESS,111888,4.8,
2026-10-04T05:50:04+00:00,2026-10-04T05:50:04+00:00,build_web_data,SUCCESS,2403,0.3,
2026-10-04T12:15:20+00:00,2026-10-04T12:24:34+00:00,ingest_hourly,SUCCESS,29403,554.4,
2026-10-04T12:24:35+00:00,2026-10-04T12:24:40+00:00,transform,SUCCESS,111888,5.5,
2026-10-04T12:24:42+00:00,2026-10-04T12:24:42+00:00,build_web_data,SUCCESS,2406,0.3,
2026-10-04T17:30:21+00:00,2026-10-04T17:40:57+00:00,ingest_hourly,SUCCESS,29142,636.0,
2026-10-04T17:40:57+00:00,2026-10-04T17:41:03+00:00,transform,SUCCESS,111888,5.8,
2026-10-04T17:41:05+00:00,2026-10-04T17:41:06+00:00,build_web_data,SUCCESS,2406,0.3,
2026-10-04T21:16:30+00:00,2026-10-04T21:29:39+00:00,ingest_hourly,SUCCESS,28910,789.5,
2026-10-04T21:29:40+00:00,2026-10-04T21:29:45+00:00,transform,SUCCESS,111888,4.8,
2026-10-04T21:29:47+00:00,2026-10-04T21:29:47+00:00,build_web_data,SUCCESS,2406,0.3,
2026-10-05T00:48:58+00:00,2026-10-05T01:01:21+00:00,ingest_hourly,SUCCESS,28785,743.3,
2026-10-05T01:01:22+00:00,2026-10-05T01:01:27+00:00,transform,SUCCESS,112032,5.0,
2026-10-05T01:01:29+00:00,2026-10-05T01:01:29+00:00,build_web_data,SUCCESS,2400,0.3,
2026-10-05T06:55:09+00:00,2026-10-05T07:04:31+00:00,ingest_hourly,SUCCESS,28430,561.7,
2026-10-05T07:04:31+00:00,2026-10-05T07:04:36+00:00,transform,SUCCESS,112032,4.6,
2026-10-05T07:04:38+00:00,2026-10-05T07:04:38+00:00,build_web_data,SUCCESS,2405,0.3,
2026-10-05T15:55:13+00:00,2026-10-05T16:07:39+00:00,ingest_hourly,SUCCESS,29241,745.7,
2026-10-05T16:07:39+00:00,2026-10-05T16:07:44+00:00,transform,SUCCESS,112032,4.8,
2026-10-05T16:07:46+00:00,2026-10-05T16:07:47+00:00,build_web_data,SUCCESS,2406,0.3,
2026-10-05T22:33:42+00:00,2026-10-05T22:40:52+00:00,ingest_hourly,SUCCESS,28829,430.1,
2026-10-05T22:40:53+00:00,2026-10-05T22:40:56+00:00,transform,SUCCESS,112032,3.3,
2026-10-05T22:40:57+00:00,2026-10-05T22:40:58+00:00,build_web_data,SUCCESS,2406,0.2,
2026-10-06T02:54:25+00:00,2026-10-06T03:01:21+00:00,ingest_hourly,SUCCESS,28603,415.5,
2026-10-06T03:01:21+00:00,2026-10-06T03:01:26+00:00,transform,SUCCESS,112176,4.6,
2026-10-06T03:01:28+00:00,2026-10-06T03:01:28+00:00,build_web_data,SUCCESS,2400,0.3,
2026-10-06T10:07:18+00:00,2026-10-06T10:17:34+00:00,ingest_hourly,SUCCESS,28109,616.0,
2026-10-06T10:17:35+00:00,2026-10-06T10:17:39+00:00,transform,SUCCESS,112176,4.6,
2026-10-06T10:17:41+00:00,2026-10-06T10:17:42+00:00,build_web_data,SUCCESS,2406,0.3,
2026-10-06T16:43:04+00:00,2026-10-06T16:53:38+00:00,ingest_hourly,SUCCESS,29127,633.9,
2026-10-06T16:53:38+00:00,2026-10-06T16:53:43+00:00,transform,SUCCESS,112176,4.4,
2026-10-06T16:53:44+00:00,2026-10-06T16:53:45+00:00,build_web_data,SUCCESS,2406,0.3,
2026-10-06T21:35:47+00:00,2026-10-06T21:42:44+00:00,ingest_hourly,SUCCESS,28837,416.5,
2026-10-06T21:42:44+00:00,2026-10-06T21:42:49+00:00,transform,SUCCESS,112176,4.8,
2026-10-06T21:42:51+00:00,2026-10-06T21:42:51+00:00,build_web_data,SUCCESS,2406,0.3,
2026-10-07T01:27:42+00:00,2026-10-07T01:36:50+00:00,ingest_hourly,SUCCESS,28650,548.3,
2026-10-07T01:36:51+00:00,2026-10-07T01:36:54+00:00,transform,SUCCESS,112320,3.1,
2026-10-07T01:36:55+00:00,2026-10-07T01:36:55+00:00,build_web_data,SUCCESS,2400,0.2,
2026-10-07T08:34:02+00:00,2026-10-07T08:47:27+00:00,ingest_hourly,SUCCESS,28230,804.5,
2026-10-07T08:47:27+00:00,2026-10-07T08:47:33+00:00,transform,SUCCESS,112320,6.0,
2026-10-07T08:47:35+00:00,2026-10-07T08:47:35+00:00,build_web_data,SUCCESS,2406,0.3,
2026-10-07T16:22:27+00:00,2026-10-07T16:31:46+00:00,ingest_hourly,SUCCESS,29142,558.9,
2026-10-07T16:31:46+00:00,2026-10-07T16:31:51+00:00,transform,SUCCESS,112320,4.8,
2026-10-07T16:31:53+00:00,2026-10-07T16:31:54+00:00,build_web_data,SUCCESS,2406,0.3,
2026-10-07T21:56:52+00:00,2026-10-07T22:04:11+00:00,ingest_hourly,SUCCESS,28901,438.6,
2026-10-07T22:04:11+00:00,2026-10-07T22:04:15+00:00,transform,SUCCESS,112320,3.5,
2026-10-07T22:04:16+00:00,2026-10-07T22:04:17+00:00,build_web_data,SUCCESS,2406,0.2,
