date_key,calendar_year,calendar_quarter,quarter_label,month_number,month_name,month_short,year_month,year_month_label,day_of_month,day_of_year,iso_week,iso_day_of_week,day_name,day_short,is_weekend,is_holiday,holiday_name,day_type,season,is_summer_peak_season,days_ago,is_today,is_yesterday,is_future,is_last_7_days,is_last_30_days
2024-08-20,2024,3,Q3,8,August,Aug,202408,2024-08,20,233,34,2,Tuesday,Tue,0,0,,Weekday,Summer,1,765,0,0,0,0,0
2024-08-21,2024,3,Q3,8,August,Aug,202408,2024-08,21,234,34,3,Wednesday,Wed,0,0,,Weekday,Summer,1,764,0,0,0,0,0
2024-08-22,2024,3,Q3,8,August,Aug,202408,2024-08,22,235,34,4,Thursday,Thu,0,0,,Weekday,Summer,1,763,0,0,0,0,0
2024-08-23,2024,3,Q3,8,August,Aug,202408,2024-08,23,236,34,5,Friday,Fri,0,0,,Weekday,Summer,1,762,0,0,0,0,0
2024-08-24,2024,3,Q3,8,August,Aug,202408,2024-08,24,237,34,6,Saturday,Sat,1,0,,Weekend,Summer,1,761,0,0,0,0,0
2024-08-25,2024,3,Q3,8,August,Aug,202408,2024-08,25,238,34,7,Sunday,Sun,1,0,,Weekend,Summer,1,760,0,0,0,0,0
2024-08-26,2024,3,Q3,8,August,Aug,202408,2024-08,26,239,35,1,Monday,Mon,0,0,,Weekday,Summer,1,759,0,0,0,0,0
2024-08-27,2024,3,Q3,8,August,Aug,202408,2024-08,27,240,35,2,Tuesday,Tue,0,0,,Weekday,Summer,1,758,0,0,0,0,0
2024-08-28,2024,3,Q3,8,August,Aug,202408,2024-08,28,241,35,3,Wednesday,Wed,0,0,,Weekday,Summer,1,757,0,0,0,0,0
2024-08-29,2024,3,Q3,8,August,Aug,202408,2024-08,29,242,35,4,Thursday,Thu,0,0,,Weekday,Summer,1,756,0,0,0,0,0
2024-08-30,2024,3,Q3,8,August,Aug,202408,2024-08,30,243,35,5,Friday,Fri,0,0,,Weekday,Summer,1,755,0,0,0,0,0
2024-08-31,2024,3,Q3,8,August,Aug,202408,2024-08,31,244,35,6,Saturday,Sat,1,0,,Weekend,Summer,1,754,0,0,0,0,0
2024-09-01,2024,3,Q3,9,September,Sep,202409,2024-09,1,245,35,7,Sunday,Sun,1,0,,Weekend,Autumn,1,753,0,0,0,0,0
2024-09-02,2024,3,Q3,9,September,Sep,202409,2024-09,2,246,36,1,Monday,Mon,0,1,Labor Day,Holiday,Autumn,1,752,0,0,0,0,0
2024-09-03,2024,3,Q3,9,September,Sep,202409,2024-09,3,247,36,2,Tuesday,Tue,0,0,,Weekday,Autumn,1,751,0,0,0,0,0
2024-09-04,2024,3,Q3,9,September,Sep,202409,2024-09,4,248,36,3,Wednesday,Wed,0,0,,Weekday,Autumn,1,750,0,0,0,0,0
2024-09-05,2024,3,Q3,9,September,Sep,202409,2024-09,5,249,36,4,Thursday,Thu,0,0,,Weekday,Autumn,1,749,0,0,0,0,0
2024-09-06,2024,3,Q3,9,September,Sep,202409,2024-09,6,250,36,5,Friday,Fri,0,0,,Weekday,Autumn,1,748,0,0,0,0,0
2024-09-07,2024,3,Q3,9,September,Sep,202409,2024-09,7,251,36,6,Saturday,Sat,1,0,,Weekend,Autumn,1,747,0,0,0,0,0
2024-09-08,2024,3,Q3,9,September,Sep,202409,2024-09,8,252,36,7,Sunday,Sun,1,0,,Weekend,Autumn,1,746,0,0,0,0,0
2024-09-09,2024,3,Q3,9,September,Sep,202409,2024-09,9,253,37,1,Monday,Mon,0,0,,Weekday,Autumn,1,745,0,0,0,0,0
2024-09-10,2024,3,Q3,9,September,Sep,202409,2024-09,10,254,37,2,Tuesday,Tue,0,0,,Weekday,Autumn,1,744,0,0,0,0,0
2024-09-11,2024,3,Q3,9,September,Sep,202409,2024-09,11,255,37,3,Wednesday,Wed,0,0,,Weekday,Autumn,1,743,0,0,0,0,0
2024-09-12,2024,3,Q3,9,September,Sep,202409,2024-09,12,256,37,4,Thursday,Thu,0,0,,Weekday,Autumn,1,742,0,0,0,0,0
2024-09-13,2024,3,Q3,9,September,Sep,202409,2024-09,13,257,37,5,Friday,Fri,0,0,,Weekday,Autumn,1,741,0,0,0,0,0
2024-09-14,2024,3,Q3,9,September,Sep,202409,2024-09,14,258,37,6,Saturday,Sat,1,0,,Weekend,Autumn,1,740,0,0,0,0,0
2024-09-15,2024,3,Q3,9,September,Sep,202409,2024-09,15,259,37,7,Sunday,Sun,1,0,,Weekend,Autumn,1,739,0,0,0,0,0
2024-09-16,2024,3,Q3,9,September,Sep,202409,2024-09,16,260,38,1,Monday,Mon,0,0,,Weekday,Autumn,1,738,0,0,0,0,0
2024-09-17,2024,3,Q3,9,September,Sep,202409,2024-09,17,261,38,2,Tuesday,Tue,0,0,,Weekday,Autumn,1,737,0,0,0,0,0
2024-09-18,2024,3,Q3,9,September,Sep,202409,2024-09,18,262,38,3,Wednesday,Wed,0,0,,Weekday,Autumn,1,736,0,0,0,0,0
2024-09-19,2024,3,Q3,9,September,Sep,202409,2024-09,19,263,38,4,Thursday,Thu,0,0,,Weekday,Autumn,1,735,0,0,0,0,0
2024-09-20,2024,3,Q3,9,September,Sep,202409,2024-09,20,264,38,5,Friday,Fri,0,0,,Weekday,Autumn,1,734,0,0,0,0,0
2024-09-21,2024,3,Q3,9,September,Sep,202409,2024-09,21,265,38,6,Saturday,Sat,1,0,,Weekend,Autumn,1,733,0,0,0,0,0
2024-09-22,2024,3,Q3,9,September,Sep,202409,2024-09,22,266,38,7,Sunday,Sun,1,0,,Weekend,Autumn,1,732,0,0,0,0,0
2024-09-23,2024,3,Q3,9,September,Sep,202409,2024-09,23,267,39,1,Monday,Mon,0,0,,Weekday,Autumn,1,731,0,0,0,0,0
2024-09-24,2024,3,Q3,9,September,Sep,202409,2024-09,24,268,39,2,Tuesday,Tue,0,0,,Weekday,Autumn,1,730,0,0,0,0,0
2024-09-25,2024,3,Q3,9,September,Sep,202409,2024-09,25,269,39,3,Wednesday,Wed,0,0,,Weekday,Autumn,1,729,0,0,0,0,0
2024-09-26,2024,3,Q3,9,September,Sep,202409,2024-09,26,270,39,4,Thursday,Thu,0,0,,Weekday,Autumn,1,728,0,0,0,0,0
2024-09-27,2024,3,Q3,9,September,Sep,202409,2024-09,27,271,39,5,Friday,Fri,0,0,,Weekday,Autumn,1,727,0,0,0,0,0
2024-09-28,2024,3,Q3,9,September,Sep,202409,2024-09,28,272,39,6,Saturday,Sat,1,0,,Weekend,Autumn,1,726,0,0,0,0,0
2024-09-29,2024,3,Q3,9,September,Sep,202409,2024-09,29,273,39,7,Sunday,Sun,1,0,,Weekend,Autumn,1,725,0,0,0,0,0
2024-09-30,2024,3,Q3,9,September,Sep,202409,2024-09,30,274,40,1,Monday,Mon,0,0,,Weekday,Autumn,1,724,0,0,0,0,0
2024-10-01,2024,4,Q4,10,October,Oct,202410,2024-10,1,275,40,2,Tuesday,Tue,0,0,,Weekday,Autumn,0,723,0,0,0,0,0
2024-10-02,2024,4,Q4,10,October,Oct,202410,2024-10,2,276,40,3,Wednesday,Wed,0,0,,Weekday,Autumn,0,722,0,0,0,0,0
2024-10-03,2024,4,Q4,10,October,Oct,202410,2024-10,3,277,40,4,Thursday,Thu,0,0,,Weekday,Autumn,0,721,0,0,0,0,0
2024-10-04,2024,4,Q4,10,October,Oct,202410,2024-10,4,278,40,5,Friday,Fri,0,0,,Weekday,Autumn,0,720,0,0,0,0,0
2024-10-05,2024,4,Q4,10,October,Oct,202410,2024-10,5,279,40,6,Saturday,Sat,1,0,,Weekend,Autumn,0,719,0,0,0,0,0
2024-10-06,2024,4,Q4,10,October,Oct,202410,2024-10,6,280,40,7,Sunday,Sun,1,0,,Weekend,Autumn,0,718,0,0,0,0,0
2024-10-07,2024,4,Q4,10,October,Oct,202410,2024-10,7,281,41,1,Monday,Mon,0,0,,Weekday,Autumn,0,717,0,0,0,0,0
2024-10-08,2024,4,Q4,10,October,Oct,202410,2024-10,8,282,41,2,Tuesday,Tue,0,0,,Weekday,Autumn,0,716,0,0,0,0,0
2024-10-09,2024,4,Q4,10,October,Oct,202410,2024-10,9,283,41,3,Wednesday,Wed,0,0,,Weekday,Autumn,0,715,0,0,0,0,0
2024-10-10,2024,4,Q4,10,October,Oct,202410,2024-10,10,284,41,4,Thursday,Thu,0,0,,Weekday,Autumn,0,714,0,0,0,0,0
2024-10-11,2024,4,Q4,10,October,Oct,202410,2024-10,11,285,41,5,Friday,Fri,0,0,,Weekday,Autumn,0,713,0,0,0,0,0
2024-10-12,2024,4,Q4,10,October,Oct,202410,2024-10,12,286,41,6,Saturday,Sat,1,0,,Weekend,Autumn,0,712,0,0,0,0,0
2024-10-13,2024,4,Q4,10,October,Oct,202410,2024-10,13,287,41,7,Sunday,Sun,1,0,,Weekend,Autumn,0,711,0,0,0,0,0
2024-10-14,2024,4,Q4,10,October,Oct,202410,2024-10,14,288,42,1,Monday,Mon,0,1,Columbus Day,Holiday,Autumn,0,710,0,0,0,0,0
2024-10-15,2024,4,Q4,10,October,Oct,202410,2024-10,15,289,42,2,Tuesday,Tue,0,0,,Weekday,Autumn,0,709,0,0,0,0,0
2024-10-16,2024,4,Q4,10,October,Oct,202410,2024-10,16,290,42,3,Wednesday,Wed,0,0,,Weekday,Autumn,0,708,0,0,0,0,0
2024-10-17,2024,4,Q4,10,October,Oct,202410,2024-10,17,291,42,4,Thursday,Thu,0,0,,Weekday,Autumn,0,707,0,0,0,0,0
2024-10-18,2024,4,Q4,10,October,Oct,202410,2024-10,18,292,42,5,Friday,Fri,0,0,,Weekday,Autumn,0,706,0,0,0,0,0
2024-10-19,2024,4,Q4,10,October,Oct,202410,2024-10,19,293,42,6,Saturday,Sat,1,0,,Weekend,Autumn,0,705,0,0,0,0,0
2024-10-20,2024,4,Q4,10,October,Oct,202410,2024-10,20,294,42,7,Sunday,Sun,1,0,,Weekend,Autumn,0,704,0,0,0,0,0
2024-10-21,2024,4,Q4,10,October,Oct,202410,2024-10,21,295,43,1,Monday,Mon,0,0,,Weekday,Autumn,0,703,0,0,0,0,0
2024-10-22,2024,4,Q4,10,October,Oct,202410,2024-10,22,296,43,2,Tuesday,Tue,0,0,,Weekday,Autumn,0,702,0,0,0,0,0
2024-10-23,2024,4,Q4,10,October,Oct,202410,2024-10,23,297,43,3,Wednesday,Wed,0,0,,Weekday,Autumn,0,701,0,0,0,0,0
2024-10-24,2024,4,Q4,10,October,Oct,202410,2024-10,24,298,43,4,Thursday,Thu,0,0,,Weekday,Autumn,0,700,0,0,0,0,0
2024-10-25,2024,4,Q4,10,October,Oct,202410,2024-10,25,299,43,5,Friday,Fri,0,0,,Weekday,Autumn,0,699,0,0,0,0,0
2024-10-26,2024,4,Q4,10,October,Oct,202410,2024-10,26,300,43,6,Saturday,Sat,1,0,,Weekend,Autumn,0,698,0,0,0,0,0
2024-10-27,2024,4,Q4,10,October,Oct,202410,2024-10,27,301,43,7,Sunday,Sun,1,0,,Weekend,Autumn,0,697,0,0,0,0,0
2024-10-28,2024,4,Q4,10,October,Oct,202410,2024-10,28,302,44,1,Monday,Mon,0,0,,Weekday,Autumn,0,696,0,0,0,0,0
2024-10-29,2024,4,Q4,10,October,Oct,202410,2024-10,29,303,44,2,Tuesday,Tue,0,0,,Weekday,Autumn,0,695,0,0,0,0,0
2024-10-30,2024,4,Q4,10,October,Oct,202410,2024-10,30,304,44,3,Wednesday,Wed,0,0,,Weekday,Autumn,0,694,0,0,0,0,0
2024-10-31,2024,4,Q4,10,October,Oct,202410,2024-10,31,305,44,4,Thursday,Thu,0,0,,Weekday,Autumn,0,693,0,0,0,0,0
2024-11-01,2024,4,Q4,11,November,Nov,202411,2024-11,1,306,44,5,Friday,Fri,0,0,,Weekday,Autumn,0,692,0,0,0,0,0
2024-11-02,2024,4,Q4,11,November,Nov,202411,2024-11,2,307,44,6,Saturday,Sat,1,0,,Weekend,Autumn,0,691,0,0,0,0,0
2024-11-03,2024,4,Q4,11,November,Nov,202411,2024-11,3,308,44,7,Sunday,Sun,1,0,,Weekend,Autumn,0,690,0,0,0,0,0
2024-11-04,2024,4,Q4,11,November,Nov,202411,2024-11,4,309,45,1,Monday,Mon,0,0,,Weekday,Autumn,0,689,0,0,0,0,0
2024-11-05,2024,4,Q4,11,November,Nov,202411,2024-11,5,310,45,2,Tuesday,Tue,0,0,,Weekday,Autumn,0,688,0,0,0,0,0
2024-11-06,2024,4,Q4,11,November,Nov,202411,2024-11,6,311,45,3,Wednesday,Wed,0,0,,Weekday,Autumn,0,687,0,0,0,0,0
2024-11-07,2024,4,Q4,11,November,Nov,202411,2024-11,7,312,45,4,Thursday,Thu,0,0,,Weekday,Autumn,0,686,0,0,0,0,0
2024-11-08,2024,4,Q4,11,November,Nov,202411,2024-11,8,313,45,5,Friday,Fri,0,0,,Weekday,Autumn,0,685,0,0,0,0,0
2024-11-09,2024,4,Q4,11,November,Nov,202411,2024-11,9,314,45,6,Saturday,Sat,1,0,,Weekend,Autumn,0,684,0,0,0,0,0
2024-11-10,2024,4,Q4,11,November,Nov,202411,2024-11,10,315,45,7,Sunday,Sun,1,0,,Weekend,Autumn,0,683,0,0,0,0,0
2024-11-11,2024,4,Q4,11,November,Nov,202411,2024-11,11,316,46,1,Monday,Mon,0,1,Veterans Day,Holiday,Autumn,0,682,0,0,0,0,0
2024-11-12,2024,4,Q4,11,November,Nov,202411,2024-11,12,317,46,2,Tuesday,Tue,0,0,,Weekday,Autumn,0,681,0,0,0,0,0
2024-11-13,2024,4,Q4,11,November,Nov,202411,2024-11,13,318,46,3,Wednesday,Wed,0,0,,Weekday,Autumn,0,680,0,0,0,0,0
2024-11-14,2024,4,Q4,11,November,Nov,202411,2024-11,14,319,46,4,Thursday,Thu,0,0,,Weekday,Autumn,0,679,0,0,0,0,0
2024-11-15,2024,4,Q4,11,November,Nov,202411,2024-11,15,320,46,5,Friday,Fri,0,0,,Weekday,Autumn,0,678,0,0,0,0,0
2024-11-16,2024,4,Q4,11,November,Nov,202411,2024-11,16,321,46,6,Saturday,Sat,1,0,,Weekend,Autumn,0,677,0,0,0,0,0
2024-11-17,2024,4,Q4,11,November,Nov,202411,2024-11,17,322,46,7,Sunday,Sun,1,0,,Weekend,Autumn,0,676,0,0,0,0,0
2024-11-18,2024,4,Q4,11,November,Nov,202411,2024-11,18,323,47,1,Monday,Mon,0,0,,Weekday,Autumn,0,675,0,0,0,0,0
2024-11-19,2024,4,Q4,11,November,Nov,202411,2024-11,19,324,47,2,Tuesday,Tue,0,0,,Weekday,Autumn,0,674,0,0,0,0,0
2024-11-20,2024,4,Q4,11,November,Nov,202411,2024-11,20,325,47,3,Wednesday,Wed,0,0,,Weekday,Autumn,0,673,0,0,0,0,0
2024-11-21,2024,4,Q4,11,November,Nov,202411,2024-11,21,326,47,4,Thursday,Thu,0,0,,Weekday,Autumn,0,672,0,0,0,0,0
2024-11-22,2024,4,Q4,11,November,Nov,202411,2024-11,22,327,47,5,Friday,Fri,0,0,,Weekday,Autumn,0,671,0,0,0,0,0
2024-11-23,2024,4,Q4,11,November,Nov,202411,2024-11,23,328,47,6,Saturday,Sat,1,0,,Weekend,Autumn,0,670,0,0,0,0,0
2024-11-24,2024,4,Q4,11,November,Nov,202411,2024-11,24,329,47,7,Sunday,Sun,1,0,,Weekend,Autumn,0,669,0,0,0,0,0
2024-11-25,2024,4,Q4,11,November,Nov,202411,2024-11,25,330,48,1,Monday,Mon,0,0,,Weekday,Autumn,0,668,0,0,0,0,0
2024-11-26,2024,4,Q4,11,November,Nov,202411,2024-11,26,331,48,2,Tuesday,Tue,0,0,,Weekday,Autumn,0,667,0,0,0,0,0
2024-11-27,2024,4,Q4,11,November,Nov,202411,2024-11,27,332,48,3,Wednesday,Wed,0,0,,Weekday,Autumn,0,666,0,0,0,0,0
2024-11-28,2024,4,Q4,11,November,Nov,202411,2024-11,28,333,48,4,Thursday,Thu,0,1,Thanksgiving Day,Holiday,Autumn,0,665,0,0,0,0,0
2024-11-29,2024,4,Q4,11,November,Nov,202411,2024-11,29,334,48,5,Friday,Fri,0,0,,Weekday,Autumn,0,664,0,0,0,0,0
2024-11-30,2024,4,Q4,11,November,Nov,202411,2024-11,30,335,48,6,Saturday,Sat,1,0,,Weekend,Autumn,0,663,0,0,0,0,0
2024-12-01,2024,4,Q4,12,December,Dec,202412,2024-12,1,336,48,7,Sunday,Sun,1,0,,Weekend,Winter,0,662,0,0,0,0,0
2024-12-02,2024,4,Q4,12,December,Dec,202412,2024-12,2,337,49,1,Monday,Mon,0,0,,Weekday,Winter,0,661,0,0,0,0,0
2024-12-03,2024,4,Q4,12,December,Dec,202412,2024-12,3,338,49,2,Tuesday,Tue,0,0,,Weekday,Winter,0,660,0,0,0,0,0
2024-12-04,2024,4,Q4,12,December,Dec,202412,2024-12,4,339,49,3,Wednesday,Wed,0,0,,Weekday,Winter,0,659,0,0,0,0,0
2024-12-05,2024,4,Q4,12,December,Dec,202412,2024-12,5,340,49,4,Thursday,Thu,0,0,,Weekday,Winter,0,658,0,0,0,0,0
2024-12-06,2024,4,Q4,12,December,Dec,202412,2024-12,6,341,49,5,Friday,Fri,0,0,,Weekday,Winter,0,657,0,0,0,0,0
2024-12-07,2024,4,Q4,12,December,Dec,202412,2024-12,7,342,49,6,Saturday,Sat,1,0,,Weekend,Winter,0,656,0,0,0,0,0
2024-12-08,2024,4,Q4,12,December,Dec,202412,2024-12,8,343,49,7,Sunday,Sun,1,0,,Weekend,Winter,0,655,0,0,0,0,0
2024-12-09,2024,4,Q4,12,December,Dec,202412,2024-12,9,344,50,1,Monday,Mon,0,0,,Weekday,Winter,0,654,0,0,0,0,0
2024-12-10,2024,4,Q4,12,December,Dec,202412,2024-12,10,345,50,2,Tuesday,Tue,0,0,,Weekday,Winter,0,653,0,0,0,0,0
2024-12-11,2024,4,Q4,12,December,Dec,202412,2024-12,11,346,50,3,Wednesday,Wed,0,0,,Weekday,Winter,0,652,0,0,0,0,0
2024-12-12,2024,4,Q4,12,December,Dec,202412,2024-12,12,347,50,4,Thursday,Thu,0,0,,Weekday,Winter,0,651,0,0,0,0,0
2024-12-13,2024,4,Q4,12,December,Dec,202412,2024-12,13,348,50,5,Friday,Fri,0,0,,Weekday,Winter,0,650,0,0,0,0,0
2024-12-14,2024,4,Q4,12,December,Dec,202412,2024-12,14,349,50,6,Saturday,Sat,1,0,,Weekend,Winter,0,649,0,0,0,0,0
2024-12-15,2024,4,Q4,12,December,Dec,202412,2024-12,15,350,50,7,Sunday,Sun,1,0,,Weekend,Winter,0,648,0,0,0,0,0
2024-12-16,2024,4,Q4,12,December,Dec,202412,2024-12,16,351,51,1,Monday,Mon,0,0,,Weekday,Winter,0,647,0,0,0,0,0
2024-12-17,2024,4,Q4,12,December,Dec,202412,2024-12,17,352,51,2,Tuesday,Tue,0,0,,Weekday,Winter,0,646,0,0,0,0,0
2024-12-18,2024,4,Q4,12,December,Dec,202412,2024-12,18,353,51,3,Wednesday,Wed,0,0,,Weekday,Winter,0,645,0,0,0,0,0
2024-12-19,2024,4,Q4,12,December,Dec,202412,2024-12,19,354,51,4,Thursday,Thu,0,0,,Weekday,Winter,0,644,0,0,0,0,0
2024-12-20,2024,4,Q4,12,December,Dec,202412,2024-12,20,355,51,5,Friday,Fri,0,0,,Weekday,Winter,0,643,0,0,0,0,0
2024-12-21,2024,4,Q4,12,December,Dec,202412,2024-12,21,356,51,6,Saturday,Sat,1,0,,Weekend,Winter,0,642,0,0,0,0,0
2024-12-22,2024,4,Q4,12,December,Dec,202412,2024-12,22,357,51,7,Sunday,Sun,1,0,,Weekend,Winter,0,641,0,0,0,0,0
2024-12-23,2024,4,Q4,12,December,Dec,202412,2024-12,23,358,52,1,Monday,Mon,0,0,,Weekday,Winter,0,640,0,0,0,0,0
2024-12-24,2024,4,Q4,12,December,Dec,202412,2024-12,24,359,52,2,Tuesday,Tue,0,0,,Weekday,Winter,0,639,0,0,0,0,0
2024-12-25,2024,4,Q4,12,December,Dec,202412,2024-12,25,360,52,3,Wednesday,Wed,0,1,Christmas Day,Holiday,Winter,0,638,0,0,0,0,0
2024-12-26,2024,4,Q4,12,December,Dec,202412,2024-12,26,361,52,4,Thursday,Thu,0,0,,Weekday,Winter,0,637,0,0,0,0,0
2024-12-27,2024,4,Q4,12,December,Dec,202412,2024-12,27,362,52,5,Friday,Fri,0,0,,Weekday,Winter,0,636,0,0,0,0,0
2024-12-28,2024,4,Q4,12,December,Dec,202412,2024-12,28,363,52,6,Saturday,Sat,1,0,,Weekend,Winter,0,635,0,0,0,0,0
2024-12-29,2024,4,Q4,12,December,Dec,202412,2024-12,29,364,52,7,Sunday,Sun,1,0,,Weekend,Winter,0,634,0,0,0,0,0
2024-12-30,2024,4,Q4,12,December,Dec,202412,2024-12,30,365,1,1,Monday,Mon,0,0,,Weekday,Winter,0,633,0,0,0,0,0
2024-12-31,2024,4,Q4,12,December,Dec,202412,2024-12,31,366,1,2,Tuesday,Tue,0,0,,Weekday,Winter,0,632,0,0,0,0,0
2025-01-01,2025,1,Q1,1,January,Jan,202501,2025-01,1,1,1,3,Wednesday,Wed,0,1,New Year's Day,Holiday,Winter,0,631,0,0,0,0,0
2025-01-02,2025,1,Q1,1,January,Jan,202501,2025-01,2,2,1,4,Thursday,Thu,0,0,,Weekday,Winter,0,630,0,0,0,0,0
2025-01-03,2025,1,Q1,1,January,Jan,202501,2025-01,3,3,1,5,Friday,Fri,0,0,,Weekday,Winter,0,629,0,0,0,0,0
2025-01-04,2025,1,Q1,1,January,Jan,202501,2025-01,4,4,1,6,Saturday,Sat,1,0,,Weekend,Winter,0,628,0,0,0,0,0
2025-01-05,2025,1,Q1,1,January,Jan,202501,2025-01,5,5,1,7,Sunday,Sun,1,0,,Weekend,Winter,0,627,0,0,0,0,0
2025-01-06,2025,1,Q1,1,January,Jan,202501,2025-01,6,6,2,1,Monday,Mon,0,0,,Weekday,Winter,0,626,0,0,0,0,0
2025-01-07,2025,1,Q1,1,January,Jan,202501,2025-01,7,7,2,2,Tuesday,Tue,0,0,,Weekday,Winter,0,625,0,0,0,0,0
2025-01-08,2025,1,Q1,1,January,Jan,202501,2025-01,8,8,2,3,Wednesday,Wed,0,0,,Weekday,Winter,0,624,0,0,0,0,0
2025-01-09,2025,1,Q1,1,January,Jan,202501,2025-01,9,9,2,4,Thursday,Thu,0,0,,Weekday,Winter,0,623,0,0,0,0,0
2025-01-10,2025,1,Q1,1,January,Jan,202501,2025-01,10,10,2,5,Friday,Fri,0,0,,Weekday,Winter,0,622,0,0,0,0,0
2025-01-11,2025,1,Q1,1,January,Jan,202501,2025-01,11,11,2,6,Saturday,Sat,1,0,,Weekend,Winter,0,621,0,0,0,0,0
2025-01-12,2025,1,Q1,1,January,Jan,202501,2025-01,12,12,2,7,Sunday,Sun,1,0,,Weekend,Winter,0,620,0,0,0,0,0
2025-01-13,2025,1,Q1,1,January,Jan,202501,2025-01,13,13,3,1,Monday,Mon,0,0,,Weekday,Winter,0,619,0,0,0,0,0
2025-01-14,2025,1,Q1,1,January,Jan,202501,2025-01,14,14,3,2,Tuesday,Tue,0,0,,Weekday,Winter,0,618,0,0,0,0,0
2025-01-15,2025,1,Q1,1,January,Jan,202501,2025-01,15,15,3,3,Wednesday,Wed,0,0,,Weekday,Winter,0,617,0,0,0,0,0
2025-01-16,2025,1,Q1,1,January,Jan,202501,2025-01,16,16,3,4,Thursday,Thu,0,0,,Weekday,Winter,0,616,0,0,0,0,0
2025-01-17,2025,1,Q1,1,January,Jan,202501,2025-01,17,17,3,5,Friday,Fri,0,0,,Weekday,Winter,0,615,0,0,0,0,0
2025-01-18,2025,1,Q1,1,January,Jan,202501,2025-01,18,18,3,6,Saturday,Sat,1,0,,Weekend,Winter,0,614,0,0,0,0,0
2025-01-19,2025,1,Q1,1,January,Jan,202501,2025-01,19,19,3,7,Sunday,Sun,1,0,,Weekend,Winter,0,613,0,0,0,0,0
2025-01-20,2025,1,Q1,1,January,Jan,202501,2025-01,20,20,4,1,Monday,Mon,0,1,"Birthday of Martin Luther King, Jr.",Holiday,Winter,0,612,0,0,0,0,0
2025-01-21,2025,1,Q1,1,January,Jan,202501,2025-01,21,21,4,2,Tuesday,Tue,0,0,,Weekday,Winter,0,611,0,0,0,0,0
2025-01-22,2025,1,Q1,1,January,Jan,202501,2025-01,22,22,4,3,Wednesday,Wed,0,0,,Weekday,Winter,0,610,0,0,0,0,0
2025-01-23,2025,1,Q1,1,January,Jan,202501,2025-01,23,23,4,4,Thursday,Thu,0,0,,Weekday,Winter,0,609,0,0,0,0,0
2025-01-24,2025,1,Q1,1,January,Jan,202501,2025-01,24,24,4,5,Friday,Fri,0,0,,Weekday,Winter,0,608,0,0,0,0,0
2025-01-25,2025,1,Q1,1,January,Jan,202501,2025-01,25,25,4,6,Saturday,Sat,1,0,,Weekend,Winter,0,607,0,0,0,0,0
2025-01-26,2025,1,Q1,1,January,Jan,202501,2025-01,26,26,4,7,Sunday,Sun,1,0,,Weekend,Winter,0,606,0,0,0,0,0
2025-01-27,2025,1,Q1,1,January,Jan,202501,2025-01,27,27,5,1,Monday,Mon,0,0,,Weekday,Winter,0,605,0,0,0,0,0
2025-01-28,2025,1,Q1,1,January,Jan,202501,2025-01,28,28,5,2,Tuesday,Tue,0,0,,Weekday,Winter,0,604,0,0,0,0,0
2025-01-29,2025,1,Q1,1,January,Jan,202501,2025-01,29,29,5,3,Wednesday,Wed,0,0,,Weekday,Winter,0,603,0,0,0,0,0
2025-01-30,2025,1,Q1,1,January,Jan,202501,2025-01,30,30,5,4,Thursday,Thu,0,0,,Weekday,Winter,0,602,0,0,0,0,0
2025-01-31,2025,1,Q1,1,January,Jan,202501,2025-01,31,31,5,5,Friday,Fri,0,0,,Weekday,Winter,0,601,0,0,0,0,0
2025-02-01,2025,1,Q1,2,February,Feb,202502,2025-02,1,32,5,6,Saturday,Sat,1,0,,Weekend,Winter,0,600,0,0,0,0,0
2025-02-02,2025,1,Q1,2,February,Feb,202502,2025-02,2,33,5,7,Sunday,Sun,1,0,,Weekend,Winter,0,599,0,0,0,0,0
2025-02-03,2025,1,Q1,2,February,Feb,202502,2025-02,3,34,6,1,Monday,Mon,0,0,,Weekday,Winter,0,598,0,0,0,0,0
2025-02-04,2025,1,Q1,2,February,Feb,202502,2025-02,4,35,6,2,Tuesday,Tue,0,0,,Weekday,Winter,0,597,0,0,0,0,0
2025-02-05,2025,1,Q1,2,February,Feb,202502,2025-02,5,36,6,3,Wednesday,Wed,0,0,,Weekday,Winter,0,596,0,0,0,0,0
2025-02-06,2025,1,Q1,2,February,Feb,202502,2025-02,6,37,6,4,Thursday,Thu,0,0,,Weekday,Winter,0,595,0,0,0,0,0
2025-02-07,2025,1,Q1,2,February,Feb,202502,2025-02,7,38,6,5,Friday,Fri,0,0,,Weekday,Winter,0,594,0,0,0,0,0
2025-02-08,2025,1,Q1,2,February,Feb,202502,2025-02,8,39,6,6,Saturday,Sat,1,0,,Weekend,Winter,0,593,0,0,0,0,0
2025-02-09,2025,1,Q1,2,February,Feb,202502,2025-02,9,40,6,7,Sunday,Sun,1,0,,Weekend,Winter,0,592,0,0,0,0,0
2025-02-10,2025,1,Q1,2,February,Feb,202502,2025-02,10,41,7,1,Monday,Mon,0,0,,Weekday,Winter,0,591,0,0,0,0,0
2025-02-11,2025,1,Q1,2,February,Feb,202502,2025-02,11,42,7,2,Tuesday,Tue,0,0,,Weekday,Winter,0,590,0,0,0,0,0
2025-02-12,2025,1,Q1,2,February,Feb,202502,2025-02,12,43,7,3,Wednesday,Wed,0,0,,Weekday,Winter,0,589,0,0,0,0,0
2025-02-13,2025,1,Q1,2,February,Feb,202502,2025-02,13,44,7,4,Thursday,Thu,0,0,,Weekday,Winter,0,588,0,0,0,0,0
2025-02-14,2025,1,Q1,2,February,Feb,202502,2025-02,14,45,7,5,Friday,Fri,0,0,,Weekday,Winter,0,587,0,0,0,0,0
2025-02-15,2025,1,Q1,2,February,Feb,202502,2025-02,15,46,7,6,Saturday,Sat,1,0,,Weekend,Winter,0,586,0,0,0,0,0
2025-02-16,2025,1,Q1,2,February,Feb,202502,2025-02,16,47,7,7,Sunday,Sun,1,0,,Weekend,Winter,0,585,0,0,0,0,0
2025-02-17,2025,1,Q1,2,February,Feb,202502,2025-02,17,48,8,1,Monday,Mon,0,1,Washington's Birthday,Holiday,Winter,0,584,0,0,0,0,0
2025-02-18,2025,1,Q1,2,February,Feb,202502,2025-02,18,49,8,2,Tuesday,Tue,0,0,,Weekday,Winter,0,583,0,0,0,0,0
2025-02-19,2025,1,Q1,2,February,Feb,202502,2025-02,19,50,8,3,Wednesday,Wed,0,0,,Weekday,Winter,0,582,0,0,0,0,0
2025-02-20,2025,1,Q1,2,February,Feb,202502,2025-02,20,51,8,4,Thursday,Thu,0,0,,Weekday,Winter,0,581,0,0,0,0,0
2025-02-21,2025,1,Q1,2,February,Feb,202502,2025-02,21,52,8,5,Friday,Fri,0,0,,Weekday,Winter,0,580,0,0,0,0,0
2025-02-22,2025,1,Q1,2,February,Feb,202502,2025-02,22,53,8,6,Saturday,Sat,1,0,,Weekend,Winter,0,579,0,0,0,0,0
2025-02-23,2025,1,Q1,2,February,Feb,202502,2025-02,23,54,8,7,Sunday,Sun,1,0,,Weekend,Winter,0,578,0,0,0,0,0
2025-02-24,2025,1,Q1,2,February,Feb,202502,2025-02,24,55,9,1,Monday,Mon,0,0,,Weekday,Winter,0,577,0,0,0,0,0
2025-02-25,2025,1,Q1,2,February,Feb,202502,2025-02,25,56,9,2,Tuesday,Tue,0,0,,Weekday,Winter,0,576,0,0,0,0,0
2025-02-26,2025,1,Q1,2,February,Feb,202502,2025-02,26,57,9,3,Wednesday,Wed,0,0,,Weekday,Winter,0,575,0,0,0,0,0
2025-02-27,2025,1,Q1,2,February,Feb,202502,2025-02,27,58,9,4,Thursday,Thu,0,0,,Weekday,Winter,0,574,0,0,0,0,0
2025-02-28,2025,1,Q1,2,February,Feb,202502,2025-02,28,59,9,5,Friday,Fri,0,0,,Weekday,Winter,0,573,0,0,0,0,0
2025-03-01,2025,1,Q1,3,March,Mar,202503,2025-03,1,60,9,6,Saturday,Sat,1,0,,Weekend,Spring,0,572,0,0,0,0,0
2025-03-02,2025,1,Q1,3,March,Mar,202503,2025-03,2,61,9,7,Sunday,Sun,1,0,,Weekend,Spring,0,571,0,0,0,0,0
2025-03-03,2025,1,Q1,3,March,Mar,202503,2025-03,3,62,10,1,Monday,Mon,0,0,,Weekday,Spring,0,570,0,0,0,0,0
2025-03-04,2025,1,Q1,3,March,Mar,202503,2025-03,4,63,10,2,Tuesday,Tue,0,0,,Weekday,Spring,0,569,0,0,0,0,0
2025-03-05,2025,1,Q1,3,March,Mar,202503,2025-03,5,64,10,3,Wednesday,Wed,0,0,,Weekday,Spring,0,568,0,0,0,0,0
2025-03-06,2025,1,Q1,3,March,Mar,202503,2025-03,6,65,10,4,Thursday,Thu,0,0,,Weekday,Spring,0,567,0,0,0,0,0
2025-03-07,2025,1,Q1,3,March,Mar,202503,2025-03,7,66,10,5,Friday,Fri,0,0,,Weekday,Spring,0,566,0,0,0,0,0
2025-03-08,2025,1,Q1,3,March,Mar,202503,2025-03,8,67,10,6,Saturday,Sat,1,0,,Weekend,Spring,0,565,0,0,0,0,0
2025-03-09,2025,1,Q1,3,March,Mar,202503,2025-03,9,68,10,7,Sunday,Sun,1,0,,Weekend,Spring,0,564,0,0,0,0,0
2025-03-10,2025,1,Q1,3,March,Mar,202503,2025-03,10,69,11,1,Monday,Mon,0,0,,Weekday,Spring,0,563,0,0,0,0,0
2025-03-11,2025,1,Q1,3,March,Mar,202503,2025-03,11,70,11,2,Tuesday,Tue,0,0,,Weekday,Spring,0,562,0,0,0,0,0
2025-03-12,2025,1,Q1,3,March,Mar,202503,2025-03,12,71,11,3,Wednesday,Wed,0,0,,Weekday,Spring,0,561,0,0,0,0,0
2025-03-13,2025,1,Q1,3,March,Mar,202503,2025-03,13,72,11,4,Thursday,Thu,0,0,,Weekday,Spring,0,560,0,0,0,0,0
2025-03-14,2025,1,Q1,3,March,Mar,202503,2025-03,14,73,11,5,Friday,Fri,0,0,,Weekday,Spring,0,559,0,0,0,0,0
2025-03-15,2025,1,Q1,3,March,Mar,202503,2025-03,15,74,11,6,Saturday,Sat,1,0,,Weekend,Spring,0,558,0,0,0,0,0
2025-03-16,2025,1,Q1,3,March,Mar,202503,2025-03,16,75,11,7,Sunday,Sun,1,0,,Weekend,Spring,0,557,0,0,0,0,0
2025-03-17,2025,1,Q1,3,March,Mar,202503,2025-03,17,76,12,1,Monday,Mon,0,0,,Weekday,Spring,0,556,0,0,0,0,0
2025-03-18,2025,1,Q1,3,March,Mar,202503,2025-03,18,77,12,2,Tuesday,Tue,0,0,,Weekday,Spring,0,555,0,0,0,0,0
2025-03-19,2025,1,Q1,3,March,Mar,202503,2025-03,19,78,12,3,Wednesday,Wed,0,0,,Weekday,Spring,0,554,0,0,0,0,0
2025-03-20,2025,1,Q1,3,March,Mar,202503,2025-03,20,79,12,4,Thursday,Thu,0,0,,Weekday,Spring,0,553,0,0,0,0,0
2025-03-21,2025,1,Q1,3,March,Mar,202503,2025-03,21,80,12,5,Friday,Fri,0,0,,Weekday,Spring,0,552,0,0,0,0,0
2025-03-22,2025,1,Q1,3,March,Mar,202503,2025-03,22,81,12,6,Saturday,Sat,1,0,,Weekend,Spring,0,551,0,0,0,0,0
2025-03-23,2025,1,Q1,3,March,Mar,202503,2025-03,23,82,12,7,Sunday,Sun,1,0,,Weekend,Spring,0,550,0,0,0,0,0
2025-03-24,2025,1,Q1,3,March,Mar,202503,2025-03,24,83,13,1,Monday,Mon,0,0,,Weekday,Spring,0,549,0,0,0,0,0
2025-03-25,2025,1,Q1,3,March,Mar,202503,2025-03,25,84,13,2,Tuesday,Tue,0,0,,Weekday,Spring,0,548,0,0,0,0,0
2025-03-26,2025,1,Q1,3,March,Mar,202503,2025-03,26,85,13,3,Wednesday,Wed,0,0,,Weekday,Spring,0,547,0,0,0,0,0
2025-03-27,2025,1,Q1,3,March,Mar,202503,2025-03,27,86,13,4,Thursday,Thu,0,0,,Weekday,Spring,0,546,0,0,0,0,0
2025-03-28,2025,1,Q1,3,March,Mar,202503,2025-03,28,87,13,5,Friday,Fri,0,0,,Weekday,Spring,0,545,0,0,0,0,0
2025-03-29,2025,1,Q1,3,March,Mar,202503,2025-03,29,88,13,6,Saturday,Sat,1,0,,Weekend,Spring,0,544,0,0,0,0,0
2025-03-30,2025,1,Q1,3,March,Mar,202503,2025-03,30,89,13,7,Sunday,Sun,1,0,,Weekend,Spring,0,543,0,0,0,0,0
2025-03-31,2025,1,Q1,3,March,Mar,202503,2025-03,31,90,14,1,Monday,Mon,0,0,,Weekday,Spring,0,542,0,0,0,0,0
2025-04-01,2025,2,Q2,4,April,Apr,202504,2025-04,1,91,14,2,Tuesday,Tue,0,0,,Weekday,Spring,0,541,0,0,0,0,0
2025-04-02,2025,2,Q2,4,April,Apr,202504,2025-04,2,92,14,3,Wednesday,Wed,0,0,,Weekday,Spring,0,540,0,0,0,0,0
2025-04-03,2025,2,Q2,4,April,Apr,202504,2025-04,3,93,14,4,Thursday,Thu,0,0,,Weekday,Spring,0,539,0,0,0,0,0
2025-04-04,2025,2,Q2,4,April,Apr,202504,2025-04,4,94,14,5,Friday,Fri,0,0,,Weekday,Spring,0,538,0,0,0,0,0
2025-04-05,2025,2,Q2,4,April,Apr,202504,2025-04,5,95,14,6,Saturday,Sat,1,0,,Weekend,Spring,0,537,0,0,0,0,0
2025-04-06,2025,2,Q2,4,April,Apr,202504,2025-04,6,96,14,7,Sunday,Sun,1,0,,Weekend,Spring,0,536,0,0,0,0,0
2025-04-07,2025,2,Q2,4,April,Apr,202504,2025-04,7,97,15,1,Monday,Mon,0,0,,Weekday,Spring,0,535,0,0,0,0,0
2025-04-08,2025,2,Q2,4,April,Apr,202504,2025-04,8,98,15,2,Tuesday,Tue,0,0,,Weekday,Spring,0,534,0,0,0,0,0
2025-04-09,2025,2,Q2,4,April,Apr,202504,2025-04,9,99,15,3,Wednesday,Wed,0,0,,Weekday,Spring,0,533,0,0,0,0,0
2025-04-10,2025,2,Q2,4,April,Apr,202504,2025-04,10,100,15,4,Thursday,Thu,0,0,,Weekday,Spring,0,532,0,0,0,0,0
2025-04-11,2025,2,Q2,4,April,Apr,202504,2025-04,11,101,15,5,Friday,Fri,0,0,,Weekday,Spring,0,531,0,0,0,0,0
2025-04-12,2025,2,Q2,4,April,Apr,202504,2025-04,12,102,15,6,Saturday,Sat,1,0,,Weekend,Spring,0,530,0,0,0,0,0
2025-04-13,2025,2,Q2,4,April,Apr,202504,2025-04,13,103,15,7,Sunday,Sun,1,0,,Weekend,Spring,0,529,0,0,0,0,0
2025-04-14,2025,2,Q2,4,April,Apr,202504,2025-04,14,104,16,1,Monday,Mon,0,0,,Weekday,Spring,0,528,0,0,0,0,0
2025-04-15,2025,2,Q2,4,April,Apr,202504,2025-04,15,105,16,2,Tuesday,Tue,0,0,,Weekday,Spring,0,527,0,0,0,0,0
2025-04-16,2025,2,Q2,4,April,Apr,202504,2025-04,16,106,16,3,Wednesday,Wed,0,0,,Weekday,Spring,0,526,0,0,0,0,0
2025-04-17,2025,2,Q2,4,April,Apr,202504,2025-04,17,107,16,4,Thursday,Thu,0,0,,Weekday,Spring,0,525,0,0,0,0,0
2025-04-18,2025,2,Q2,4,April,Apr,202504,2025-04,18,108,16,5,Friday,Fri,0,0,,Weekday,Spring,0,524,0,0,0,0,0
2025-04-19,2025,2,Q2,4,April,Apr,202504,2025-04,19,109,16,6,Saturday,Sat,1,0,,Weekend,Spring,0,523,0,0,0,0,0
2025-04-20,2025,2,Q2,4,April,Apr,202504,2025-04,20,110,16,7,Sunday,Sun,1,0,,Weekend,Spring,0,522,0,0,0,0,0
2025-04-21,2025,2,Q2,4,April,Apr,202504,2025-04,21,111,17,1,Monday,Mon,0,0,,Weekday,Spring,0,521,0,0,0,0,0
2025-04-22,2025,2,Q2,4,April,Apr,202504,2025-04,22,112,17,2,Tuesday,Tue,0,0,,Weekday,Spring,0,520,0,0,0,0,0
2025-04-23,2025,2,Q2,4,April,Apr,202504,2025-04,23,113,17,3,Wednesday,Wed,0,0,,Weekday,Spring,0,519,0,0,0,0,0
2025-04-24,2025,2,Q2,4,April,Apr,202504,2025-04,24,114,17,4,Thursday,Thu,0,0,,Weekday,Spring,0,518,0,0,0,0,0
2025-04-25,2025,2,Q2,4,April,Apr,202504,2025-04,25,115,17,5,Friday,Fri,0,0,,Weekday,Spring,0,517,0,0,0,0,0
2025-04-26,2025,2,Q2,4,April,Apr,202504,2025-04,26,116,17,6,Saturday,Sat,1,0,,Weekend,Spring,0,516,0,0,0,0,0
2025-04-27,2025,2,Q2,4,April,Apr,202504,2025-04,27,117,17,7,Sunday,Sun,1,0,,Weekend,Spring,0,515,0,0,0,0,0
2025-04-28,2025,2,Q2,4,April,Apr,202504,2025-04,28,118,18,1,Monday,Mon,0,0,,Weekday,Spring,0,514,0,0,0,0,0
2025-04-29,2025,2,Q2,4,April,Apr,202504,2025-04,29,119,18,2,Tuesday,Tue,0,0,,Weekday,Spring,0,513,0,0,0,0,0
2025-04-30,2025,2,Q2,4,April,Apr,202504,2025-04,30,120,18,3,Wednesday,Wed,0,0,,Weekday,Spring,0,512,0,0,0,0,0
2025-05-01,2025,2,Q2,5,May,May,202505,2025-05,1,121,18,4,Thursday,Thu,0,0,,Weekday,Spring,0,511,0,0,0,0,0
2025-05-02,2025,2,Q2,5,May,May,202505,2025-05,2,122,18,5,Friday,Fri,0,0,,Weekday,Spring,0,510,0,0,0,0,0
2025-05-03,2025,2,Q2,5,May,May,202505,2025-05,3,123,18,6,Saturday,Sat,1,0,,Weekend,Spring,0,509,0,0,0,0,0
2025-05-04,2025,2,Q2,5,May,May,202505,2025-05,4,124,18,7,Sunday,Sun,1,0,,Weekend,Spring,0,508,0,0,0,0,0
2025-05-05,2025,2,Q2,5,May,May,202505,2025-05,5,125,19,1,Monday,Mon,0,0,,Weekday,Spring,0,507,0,0,0,0,0
2025-05-06,2025,2,Q2,5,May,May,202505,2025-05,6,126,19,2,Tuesday,Tue,0,0,,Weekday,Spring,0,506,0,0,0,0,0
2025-05-07,2025,2,Q2,5,May,May,202505,2025-05,7,127,19,3,Wednesday,Wed,0,0,,Weekday,Spring,0,505,0,0,0,0,0
2025-05-08,2025,2,Q2,5,May,May,202505,2025-05,8,128,19,4,Thursday,Thu,0,0,,Weekday,Spring,0,504,0,0,0,0,0
2025-05-09,2025,2,Q2,5,May,May,202505,2025-05,9,129,19,5,Friday,Fri,0,0,,Weekday,Spring,0,503,0,0,0,0,0
2025-05-10,2025,2,Q2,5,May,May,202505,2025-05,10,130,19,6,Saturday,Sat,1,0,,Weekend,Spring,0,502,0,0,0,0,0
2025-05-11,2025,2,Q2,5,May,May,202505,2025-05,11,131,19,7,Sunday,Sun,1,0,,Weekend,Spring,0,501,0,0,0,0,0
2025-05-12,2025,2,Q2,5,May,May,202505,2025-05,12,132,20,1,Monday,Mon,0,0,,Weekday,Spring,0,500,0,0,0,0,0
2025-05-13,2025,2,Q2,5,May,May,202505,2025-05,13,133,20,2,Tuesday,Tue,0,0,,Weekday,Spring,0,499,0,0,0,0,0
2025-05-14,2025,2,Q2,5,May,May,202505,2025-05,14,134,20,3,Wednesday,Wed,0,0,,Weekday,Spring,0,498,0,0,0,0,0
2025-05-15,2025,2,Q2,5,May,May,202505,2025-05,15,135,20,4,Thursday,Thu,0,0,,Weekday,Spring,0,497,0,0,0,0,0
2025-05-16,2025,2,Q2,5,May,May,202505,2025-05,16,136,20,5,Friday,Fri,0,0,,Weekday,Spring,0,496,0,0,0,0,0
2025-05-17,2025,2,Q2,5,May,May,202505,2025-05,17,137,20,6,Saturday,Sat,1,0,,Weekend,Spring,0,495,0,0,0,0,0
2025-05-18,2025,2,Q2,5,May,May,202505,2025-05,18,138,20,7,Sunday,Sun,1,0,,Weekend,Spring,0,494,0,0,0,0,0
2025-05-19,2025,2,Q2,5,May,May,202505,2025-05,19,139,21,1,Monday,Mon,0,0,,Weekday,Spring,0,493,0,0,0,0,0
2025-05-20,2025,2,Q2,5,May,May,202505,2025-05,20,140,21,2,Tuesday,Tue,0,0,,Weekday,Spring,0,492,0,0,0,0,0
2025-05-21,2025,2,Q2,5,May,May,202505,2025-05,21,141,21,3,Wednesday,Wed,0,0,,Weekday,Spring,0,491,0,0,0,0,0
2025-05-22,2025,2,Q2,5,May,May,202505,2025-05,22,142,21,4,Thursday,Thu,0,0,,Weekday,Spring,0,490,0,0,0,0,0
2025-05-23,2025,2,Q2,5,May,May,202505,2025-05,23,143,21,5,Friday,Fri,0,0,,Weekday,Spring,0,489,0,0,0,0,0
2025-05-24,2025,2,Q2,5,May,May,202505,2025-05,24,144,21,6,Saturday,Sat,1,0,,Weekend,Spring,0,488,0,0,0,0,0
2025-05-25,2025,2,Q2,5,May,May,202505,2025-05,25,145,21,7,Sunday,Sun,1,0,,Weekend,Spring,0,487,0,0,0,0,0
2025-05-26,2025,2,Q2,5,May,May,202505,2025-05,26,146,22,1,Monday,Mon,0,1,Memorial Day,Holiday,Spring,0,486,0,0,0,0,0
2025-05-27,2025,2,Q2,5,May,May,202505,2025-05,27,147,22,2,Tuesday,Tue,0,0,,Weekday,Spring,0,485,0,0,0,0,0
2025-05-28,2025,2,Q2,5,May,May,202505,2025-05,28,148,22,3,Wednesday,Wed,0,0,,Weekday,Spring,0,484,0,0,0,0,0
2025-05-29,2025,2,Q2,5,May,May,202505,2025-05,29,149,22,4,Thursday,Thu,0,0,,Weekday,Spring,0,483,0,0,0,0,0
2025-05-30,2025,2,Q2,5,May,May,202505,2025-05,30,150,22,5,Friday,Fri,0,0,,Weekday,Spring,0,482,0,0,0,0,0
2025-05-31,2025,2,Q2,5,May,May,202505,2025-05,31,151,22,6,Saturday,Sat,1,0,,Weekend,Spring,0,481,0,0,0,0,0
2025-06-01,2025,2,Q2,6,June,Jun,202506,2025-06,1,152,22,7,Sunday,Sun,1,0,,Weekend,Summer,1,480,0,0,0,0,0
2025-06-02,2025,2,Q2,6,June,Jun,202506,2025-06,2,153,23,1,Monday,Mon,0,0,,Weekday,Summer,1,479,0,0,0,0,0
2025-06-03,2025,2,Q2,6,June,Jun,202506,2025-06,3,154,23,2,Tuesday,Tue,0,0,,Weekday,Summer,1,478,0,0,0,0,0
2025-06-04,2025,2,Q2,6,June,Jun,202506,2025-06,4,155,23,3,Wednesday,Wed,0,0,,Weekday,Summer,1,477,0,0,0,0,0
2025-06-05,2025,2,Q2,6,June,Jun,202506,2025-06,5,156,23,4,Thursday,Thu,0,0,,Weekday,Summer,1,476,0,0,0,0,0
2025-06-06,2025,2,Q2,6,June,Jun,202506,2025-06,6,157,23,5,Friday,Fri,0,0,,Weekday,Summer,1,475,0,0,0,0,0
2025-06-07,2025,2,Q2,6,June,Jun,202506,2025-06,7,158,23,6,Saturday,Sat,1,0,,Weekend,Summer,1,474,0,0,0,0,0
2025-06-08,2025,2,Q2,6,June,Jun,202506,2025-06,8,159,23,7,Sunday,Sun,1,0,,Weekend,Summer,1,473,0,0,0,0,0
2025-06-09,2025,2,Q2,6,June,Jun,202506,2025-06,9,160,24,1,Monday,Mon,0,0,,Weekday,Summer,1,472,0,0,0,0,0
2025-06-10,2025,2,Q2,6,June,Jun,202506,2025-06,10,161,24,2,Tuesday,Tue,0,0,,Weekday,Summer,1,471,0,0,0,0,0
2025-06-11,2025,2,Q2,6,June,Jun,202506,2025-06,11,162,24,3,Wednesday,Wed,0,0,,Weekday,Summer,1,470,0,0,0,0,0
2025-06-12,2025,2,Q2,6,June,Jun,202506,2025-06,12,163,24,4,Thursday,Thu,0,0,,Weekday,Summer,1,469,0,0,0,0,0
2025-06-13,2025,2,Q2,6,June,Jun,202506,2025-06,13,164,24,5,Friday,Fri,0,0,,Weekday,Summer,1,468,0,0,0,0,0
2025-06-14,2025,2,Q2,6,June,Jun,202506,2025-06,14,165,24,6,Saturday,Sat,1,0,,Weekend,Summer,1,467,0,0,0,0,0
2025-06-15,2025,2,Q2,6,June,Jun,202506,2025-06,15,166,24,7,Sunday,Sun,1,0,,Weekend,Summer,1,466,0,0,0,0,0
2025-06-16,2025,2,Q2,6,June,Jun,202506,2025-06,16,167,25,1,Monday,Mon,0,0,,Weekday,Summer,1,465,0,0,0,0,0
2025-06-17,2025,2,Q2,6,June,Jun,202506,2025-06,17,168,25,2,Tuesday,Tue,0,0,,Weekday,Summer,1,464,0,0,0,0,0
2025-06-18,2025,2,Q2,6,June,Jun,202506,2025-06,18,169,25,3,Wednesday,Wed,0,0,,Weekday,Summer,1,463,0,0,0,0,0
2025-06-19,2025,2,Q2,6,June,Jun,202506,2025-06,19,170,25,4,Thursday,Thu,0,1,Juneteenth National Independence Day,Holiday,Summer,1,462,0,0,0,0,0
2025-06-20,2025,2,Q2,6,June,Jun,202506,2025-06,20,171,25,5,Friday,Fri,0,0,,Weekday,Summer,1,461,0,0,0,0,0
2025-06-21,2025,2,Q2,6,June,Jun,202506,2025-06,21,172,25,6,Saturday,Sat,1,0,,Weekend,Summer,1,460,0,0,0,0,0
2025-06-22,2025,2,Q2,6,June,Jun,202506,2025-06,22,173,25,7,Sunday,Sun,1,0,,Weekend,Summer,1,459,0,0,0,0,0
2025-06-23,2025,2,Q2,6,June,Jun,202506,2025-06,23,174,26,1,Monday,Mon,0,0,,Weekday,Summer,1,458,0,0,0,0,0
2025-06-24,2025,2,Q2,6,June,Jun,202506,2025-06,24,175,26,2,Tuesday,Tue,0,0,,Weekday,Summer,1,457,0,0,0,0,0
2025-06-25,2025,2,Q2,6,June,Jun,202506,2025-06,25,176,26,3,Wednesday,Wed,0,0,,Weekday,Summer,1,456,0,0,0,0,0
2025-06-26,2025,2,Q2,6,June,Jun,202506,2025-06,26,177,26,4,Thursday,Thu,0,0,,Weekday,Summer,1,455,0,0,0,0,0
2025-06-27,2025,2,Q2,6,June,Jun,202506,2025-06,27,178,26,5,Friday,Fri,0,0,,Weekday,Summer,1,454,0,0,0,0,0
2025-06-28,2025,2,Q2,6,June,Jun,202506,2025-06,28,179,26,6,Saturday,Sat,1,0,,Weekend,Summer,1,453,0,0,0,0,0
2025-06-29,2025,2,Q2,6,June,Jun,202506,2025-06,29,180,26,7,Sunday,Sun,1,0,,Weekend,Summer,1,452,0,0,0,0,0
2025-06-30,2025,2,Q2,6,June,Jun,202506,2025-06,30,181,27,1,Monday,Mon,0,0,,Weekday,Summer,1,451,0,0,0,0,0
2025-07-01,2025,3,Q3,7,July,Jul,202507,2025-07,1,182,27,2,Tuesday,Tue,0,0,,Weekday,Summer,1,450,0,0,0,0,0
2025-07-02,2025,3,Q3,7,July,Jul,202507,2025-07,2,183,27,3,Wednesday,Wed,0,0,,Weekday,Summer,1,449,0,0,0,0,0
2025-07-03,2025,3,Q3,7,July,Jul,202507,2025-07,3,184,27,4,Thursday,Thu,0,0,,Weekday,Summer,1,448,0,0,0,0,0
2025-07-04,2025,3,Q3,7,July,Jul,202507,2025-07,4,185,27,5,Friday,Fri,0,1,Independence Day,Holiday,Summer,1,447,0,0,0,0,0
2025-07-05,2025,3,Q3,7,July,Jul,202507,2025-07,5,186,27,6,Saturday,Sat,1,0,,Weekend,Summer,1,446,0,0,0,0,0
2025-07-06,2025,3,Q3,7,July,Jul,202507,2025-07,6,187,27,7,Sunday,Sun,1,0,,Weekend,Summer,1,445,0,0,0,0,0
2025-07-07,2025,3,Q3,7,July,Jul,202507,2025-07,7,188,28,1,Monday,Mon,0,0,,Weekday,Summer,1,444,0,0,0,0,0
2025-07-08,2025,3,Q3,7,July,Jul,202507,2025-07,8,189,28,2,Tuesday,Tue,0,0,,Weekday,Summer,1,443,0,0,0,0,0
2025-07-09,2025,3,Q3,7,July,Jul,202507,2025-07,9,190,28,3,Wednesday,Wed,0,0,,Weekday,Summer,1,442,0,0,0,0,0
2025-07-10,2025,3,Q3,7,July,Jul,202507,2025-07,10,191,28,4,Thursday,Thu,0,0,,Weekday,Summer,1,441,0,0,0,0,0
2025-07-11,2025,3,Q3,7,July,Jul,202507,2025-07,11,192,28,5,Friday,Fri,0,0,,Weekday,Summer,1,440,0,0,0,0,0
2025-07-12,2025,3,Q3,7,July,Jul,202507,2025-07,12,193,28,6,Saturday,Sat,1,0,,Weekend,Summer,1,439,0,0,0,0,0
2025-07-13,2025,3,Q3,7,July,Jul,202507,2025-07,13,194,28,7,Sunday,Sun,1,0,,Weekend,Summer,1,438,0,0,0,0,0
2025-07-14,2025,3,Q3,7,July,Jul,202507,2025-07,14,195,29,1,Monday,Mon,0,0,,Weekday,Summer,1,437,0,0,0,0,0
2025-07-15,2025,3,Q3,7,July,Jul,202507,2025-07,15,196,29,2,Tuesday,Tue,0,0,,Weekday,Summer,1,436,0,0,0,0,0
2025-07-16,2025,3,Q3,7,July,Jul,202507,2025-07,16,197,29,3,Wednesday,Wed,0,0,,Weekday,Summer,1,435,0,0,0,0,0
2025-07-17,2025,3,Q3,7,July,Jul,202507,2025-07,17,198,29,4,Thursday,Thu,0,0,,Weekday,Summer,1,434,0,0,0,0,0
2025-07-18,2025,3,Q3,7,July,Jul,202507,2025-07,18,199,29,5,Friday,Fri,0,0,,Weekday,Summer,1,433,0,0,0,0,0
2025-07-19,2025,3,Q3,7,July,Jul,202507,2025-07,19,200,29,6,Saturday,Sat,1,0,,Weekend,Summer,1,432,0,0,0,0,0
2025-07-20,2025,3,Q3,7,July,Jul,202507,2025-07,20,201,29,7,Sunday,Sun,1,0,,Weekend,Summer,1,431,0,0,0,0,0
2025-07-21,2025,3,Q3,7,July,Jul,202507,2025-07,21,202,30,1,Monday,Mon,0,0,,Weekday,Summer,1,430,0,0,0,0,0
2025-07-22,2025,3,Q3,7,July,Jul,202507,2025-07,22,203,30,2,Tuesday,Tue,0,0,,Weekday,Summer,1,429,0,0,0,0,0
2025-07-23,2025,3,Q3,7,July,Jul,202507,2025-07,23,204,30,3,Wednesday,Wed,0,0,,Weekday,Summer,1,428,0,0,0,0,0
2025-07-24,2025,3,Q3,7,July,Jul,202507,2025-07,24,205,30,4,Thursday,Thu,0,0,,Weekday,Summer,1,427,0,0,0,0,0
2025-07-25,2025,3,Q3,7,July,Jul,202507,2025-07,25,206,30,5,Friday,Fri,0,0,,Weekday,Summer,1,426,0,0,0,0,0
2025-07-26,2025,3,Q3,7,July,Jul,202507,2025-07,26,207,30,6,Saturday,Sat,1,0,,Weekend,Summer,1,425,0,0,0,0,0
2025-07-27,2025,3,Q3,7,July,Jul,202507,2025-07,27,208,30,7,Sunday,Sun,1,0,,Weekend,Summer,1,424,0,0,0,0,0
2025-07-28,2025,3,Q3,7,July,Jul,202507,2025-07,28,209,31,1,Monday,Mon,0,0,,Weekday,Summer,1,423,0,0,0,0,0
2025-07-29,2025,3,Q3,7,July,Jul,202507,2025-07,29,210,31,2,Tuesday,Tue,0,0,,Weekday,Summer,1,422,0,0,0,0,0
2025-07-30,2025,3,Q3,7,July,Jul,202507,2025-07,30,211,31,3,Wednesday,Wed,0,0,,Weekday,Summer,1,421,0,0,0,0,0
2025-07-31,2025,3,Q3,7,July,Jul,202507,2025-07,31,212,31,4,Thursday,Thu,0,0,,Weekday,Summer,1,420,0,0,0,0,0
2025-08-01,2025,3,Q3,8,August,Aug,202508,2025-08,1,213,31,5,Friday,Fri,0,0,,Weekday,Summer,1,419,0,0,0,0,0
2025-08-02,2025,3,Q3,8,August,Aug,202508,2025-08,2,214,31,6,Saturday,Sat,1,0,,Weekend,Summer,1,418,0,0,0,0,0
2025-08-03,2025,3,Q3,8,August,Aug,202508,2025-08,3,215,31,7,Sunday,Sun,1,0,,Weekend,Summer,1,417,0,0,0,0,0
2025-08-04,2025,3,Q3,8,August,Aug,202508,2025-08,4,216,32,1,Monday,Mon,0,0,,Weekday,Summer,1,416,0,0,0,0,0
2025-08-05,2025,3,Q3,8,August,Aug,202508,2025-08,5,217,32,2,Tuesday,Tue,0,0,,Weekday,Summer,1,415,0,0,0,0,0
2025-08-06,2025,3,Q3,8,August,Aug,202508,2025-08,6,218,32,3,Wednesday,Wed,0,0,,Weekday,Summer,1,414,0,0,0,0,0
2025-08-07,2025,3,Q3,8,August,Aug,202508,2025-08,7,219,32,4,Thursday,Thu,0,0,,Weekday,Summer,1,413,0,0,0,0,0
2025-08-08,2025,3,Q3,8,August,Aug,202508,2025-08,8,220,32,5,Friday,Fri,0,0,,Weekday,Summer,1,412,0,0,0,0,0
2025-08-09,2025,3,Q3,8,August,Aug,202508,2025-08,9,221,32,6,Saturday,Sat,1,0,,Weekend,Summer,1,411,0,0,0,0,0
2025-08-10,2025,3,Q3,8,August,Aug,202508,2025-08,10,222,32,7,Sunday,Sun,1,0,,Weekend,Summer,1,410,0,0,0,0,0
2025-08-11,2025,3,Q3,8,August,Aug,202508,2025-08,11,223,33,1,Monday,Mon,0,0,,Weekday,Summer,1,409,0,0,0,0,0
2025-08-12,2025,3,Q3,8,August,Aug,202508,2025-08,12,224,33,2,Tuesday,Tue,0,0,,Weekday,Summer,1,408,0,0,0,0,0
2025-08-13,2025,3,Q3,8,August,Aug,202508,2025-08,13,225,33,3,Wednesday,Wed,0,0,,Weekday,Summer,1,407,0,0,0,0,0
2025-08-14,2025,3,Q3,8,August,Aug,202508,2025-08,14,226,33,4,Thursday,Thu,0,0,,Weekday,Summer,1,406,0,0,0,0,0
2025-08-15,2025,3,Q3,8,August,Aug,202508,2025-08,15,227,33,5,Friday,Fri,0,0,,Weekday,Summer,1,405,0,0,0,0,0
2025-08-16,2025,3,Q3,8,August,Aug,202508,2025-08,16,228,33,6,Saturday,Sat,1,0,,Weekend,Summer,1,404,0,0,0,0,0
2025-08-17,2025,3,Q3,8,August,Aug,202508,2025-08,17,229,33,7,Sunday,Sun,1,0,,Weekend,Summer,1,403,0,0,0,0,0
2025-08-18,2025,3,Q3,8,August,Aug,202508,2025-08,18,230,34,1,Monday,Mon,0,0,,Weekday,Summer,1,402,0,0,0,0,0
2025-08-19,2025,3,Q3,8,August,Aug,202508,2025-08,19,231,34,2,Tuesday,Tue,0,0,,Weekday,Summer,1,401,0,0,0,0,0
2025-08-20,2025,3,Q3,8,August,Aug,202508,2025-08,20,232,34,3,Wednesday,Wed,0,0,,Weekday,Summer,1,400,0,0,0,0,0
2025-08-21,2025,3,Q3,8,August,Aug,202508,2025-08,21,233,34,4,Thursday,Thu,0,0,,Weekday,Summer,1,399,0,0,0,0,0
2025-08-22,2025,3,Q3,8,August,Aug,202508,2025-08,22,234,34,5,Friday,Fri,0,0,,Weekday,Summer,1,398,0,0,0,0,0
2025-08-23,2025,3,Q3,8,August,Aug,202508,2025-08,23,235,34,6,Saturday,Sat,1,0,,Weekend,Summer,1,397,0,0,0,0,0
2025-08-24,2025,3,Q3,8,August,Aug,202508,2025-08,24,236,34,7,Sunday,Sun,1,0,,Weekend,Summer,1,396,0,0,0,0,0
2025-08-25,2025,3,Q3,8,August,Aug,202508,2025-08,25,237,35,1,Monday,Mon,0,0,,Weekday,Summer,1,395,0,0,0,0,0
2025-08-26,2025,3,Q3,8,August,Aug,202508,2025-08,26,238,35,2,Tuesday,Tue,0,0,,Weekday,Summer,1,394,0,0,0,0,0
2025-08-27,2025,3,Q3,8,August,Aug,202508,2025-08,27,239,35,3,Wednesday,Wed,0,0,,Weekday,Summer,1,393,0,0,0,0,0
2025-08-28,2025,3,Q3,8,August,Aug,202508,2025-08,28,240,35,4,Thursday,Thu,0,0,,Weekday,Summer,1,392,0,0,0,0,0
2025-08-29,2025,3,Q3,8,August,Aug,202508,2025-08,29,241,35,5,Friday,Fri,0,0,,Weekday,Summer,1,391,0,0,0,0,0
2025-08-30,2025,3,Q3,8,August,Aug,202508,2025-08,30,242,35,6,Saturday,Sat,1,0,,Weekend,Summer,1,390,0,0,0,0,0
2025-08-31,2025,3,Q3,8,August,Aug,202508,2025-08,31,243,35,7,Sunday,Sun,1,0,,Weekend,Summer,1,389,0,0,0,0,0
2025-09-01,2025,3,Q3,9,September,Sep,202509,2025-09,1,244,36,1,Monday,Mon,0,1,Labor Day,Holiday,Autumn,1,388,0,0,0,0,0
2025-09-02,2025,3,Q3,9,September,Sep,202509,2025-09,2,245,36,2,Tuesday,Tue,0,0,,Weekday,Autumn,1,387,0,0,0,0,0
2025-09-03,2025,3,Q3,9,September,Sep,202509,2025-09,3,246,36,3,Wednesday,Wed,0,0,,Weekday,Autumn,1,386,0,0,0,0,0
2025-09-04,2025,3,Q3,9,September,Sep,202509,2025-09,4,247,36,4,Thursday,Thu,0,0,,Weekday,Autumn,1,385,0,0,0,0,0
2025-09-05,2025,3,Q3,9,September,Sep,202509,2025-09,5,248,36,5,Friday,Fri,0,0,,Weekday,Autumn,1,384,0,0,0,0,0
2025-09-06,2025,3,Q3,9,September,Sep,202509,2025-09,6,249,36,6,Saturday,Sat,1,0,,Weekend,Autumn,1,383,0,0,0,0,0
2025-09-07,2025,3,Q3,9,September,Sep,202509,2025-09,7,250,36,7,Sunday,Sun,1,0,,Weekend,Autumn,1,382,0,0,0,0,0
2025-09-08,2025,3,Q3,9,September,Sep,202509,2025-09,8,251,37,1,Monday,Mon,0,0,,Weekday,Autumn,1,381,0,0,0,0,0
2025-09-09,2025,3,Q3,9,September,Sep,202509,2025-09,9,252,37,2,Tuesday,Tue,0,0,,Weekday,Autumn,1,380,0,0,0,0,0
2025-09-10,2025,3,Q3,9,September,Sep,202509,2025-09,10,253,37,3,Wednesday,Wed,0,0,,Weekday,Autumn,1,379,0,0,0,0,0
2025-09-11,2025,3,Q3,9,September,Sep,202509,2025-09,11,254,37,4,Thursday,Thu,0,0,,Weekday,Autumn,1,378,0,0,0,0,0
2025-09-12,2025,3,Q3,9,September,Sep,202509,2025-09,12,255,37,5,Friday,Fri,0,0,,Weekday,Autumn,1,377,0,0,0,0,0
2025-09-13,2025,3,Q3,9,September,Sep,202509,2025-09,13,256,37,6,Saturday,Sat,1,0,,Weekend,Autumn,1,376,0,0,0,0,0
2025-09-14,2025,3,Q3,9,September,Sep,202509,2025-09,14,257,37,7,Sunday,Sun,1,0,,Weekend,Autumn,1,375,0,0,0,0,0
2025-09-15,2025,3,Q3,9,September,Sep,202509,2025-09,15,258,38,1,Monday,Mon,0,0,,Weekday,Autumn,1,374,0,0,0,0,0
2025-09-16,2025,3,Q3,9,September,Sep,202509,2025-09,16,259,38,2,Tuesday,Tue,0,0,,Weekday,Autumn,1,373,0,0,0,0,0
2025-09-17,2025,3,Q3,9,September,Sep,202509,2025-09,17,260,38,3,Wednesday,Wed,0,0,,Weekday,Autumn,1,372,0,0,0,0,0
2025-09-18,2025,3,Q3,9,September,Sep,202509,2025-09,18,261,38,4,Thursday,Thu,0,0,,Weekday,Autumn,1,371,0,0,0,0,0
2025-09-19,2025,3,Q3,9,September,Sep,202509,2025-09,19,262,38,5,Friday,Fri,0,0,,Weekday,Autumn,1,370,0,0,0,0,0
2025-09-20,2025,3,Q3,9,September,Sep,202509,2025-09,20,263,38,6,Saturday,Sat,1,0,,Weekend,Autumn,1,369,0,0,0,0,0
2025-09-21,2025,3,Q3,9,September,Sep,202509,2025-09,21,264,38,7,Sunday,Sun,1,0,,Weekend,Autumn,1,368,0,0,0,0,0
2025-09-22,2025,3,Q3,9,September,Sep,202509,2025-09,22,265,39,1,Monday,Mon,0,0,,Weekday,Autumn,1,367,0,0,0,0,0
2025-09-23,2025,3,Q3,9,September,Sep,202509,2025-09,23,266,39,2,Tuesday,Tue,0,0,,Weekday,Autumn,1,366,0,0,0,0,0
2025-09-24,2025,3,Q3,9,September,Sep,202509,2025-09,24,267,39,3,Wednesday,Wed,0,0,,Weekday,Autumn,1,365,0,0,0,0,0
2025-09-25,2025,3,Q3,9,September,Sep,202509,2025-09,25,268,39,4,Thursday,Thu,0,0,,Weekday,Autumn,1,364,0,0,0,0,0
2025-09-26,2025,3,Q3,9,September,Sep,202509,2025-09,26,269,39,5,Friday,Fri,0,0,,Weekday,Autumn,1,363,0,0,0,0,0
2025-09-27,2025,3,Q3,9,September,Sep,202509,2025-09,27,270,39,6,Saturday,Sat,1,0,,Weekend,Autumn,1,362,0,0,0,0,0
2025-09-28,2025,3,Q3,9,September,Sep,202509,2025-09,28,271,39,7,Sunday,Sun,1,0,,Weekend,Autumn,1,361,0,0,0,0,0
2025-09-29,2025,3,Q3,9,September,Sep,202509,2025-09,29,272,40,1,Monday,Mon,0,0,,Weekday,Autumn,1,360,0,0,0,0,0
2025-09-30,2025,3,Q3,9,September,Sep,202509,2025-09,30,273,40,2,Tuesday,Tue,0,0,,Weekday,Autumn,1,359,0,0,0,0,0
2025-10-01,2025,4,Q4,10,October,Oct,202510,2025-10,1,274,40,3,Wednesday,Wed,0,0,,Weekday,Autumn,0,358,0,0,0,0,0
2025-10-02,2025,4,Q4,10,October,Oct,202510,2025-10,2,275,40,4,Thursday,Thu,0,0,,Weekday,Autumn,0,357,0,0,0,0,0
2025-10-03,2025,4,Q4,10,October,Oct,202510,2025-10,3,276,40,5,Friday,Fri,0,0,,Weekday,Autumn,0,356,0,0,0,0,0
2025-10-04,2025,4,Q4,10,October,Oct,202510,2025-10,4,277,40,6,Saturday,Sat,1,0,,Weekend,Autumn,0,355,0,0,0,0,0
2025-10-05,2025,4,Q4,10,October,Oct,202510,2025-10,5,278,40,7,Sunday,Sun,1,0,,Weekend,Autumn,0,354,0,0,0,0,0
2025-10-06,2025,4,Q4,10,October,Oct,202510,2025-10,6,279,41,1,Monday,Mon,0,0,,Weekday,Autumn,0,353,0,0,0,0,0
2025-10-07,2025,4,Q4,10,October,Oct,202510,2025-10,7,280,41,2,Tuesday,Tue,0,0,,Weekday,Autumn,0,352,0,0,0,0,0
2025-10-08,2025,4,Q4,10,October,Oct,202510,2025-10,8,281,41,3,Wednesday,Wed,0,0,,Weekday,Autumn,0,351,0,0,0,0,0
2025-10-09,2025,4,Q4,10,October,Oct,202510,2025-10,9,282,41,4,Thursday,Thu,0,0,,Weekday,Autumn,0,350,0,0,0,0,0
2025-10-10,2025,4,Q4,10,October,Oct,202510,2025-10,10,283,41,5,Friday,Fri,0,0,,Weekday,Autumn,0,349,0,0,0,0,0
2025-10-11,2025,4,Q4,10,October,Oct,202510,2025-10,11,284,41,6,Saturday,Sat,1,0,,Weekend,Autumn,0,348,0,0,0,0,0
2025-10-12,2025,4,Q4,10,October,Oct,202510,2025-10,12,285,41,7,Sunday,Sun,1,0,,Weekend,Autumn,0,347,0,0,0,0,0
2025-10-13,2025,4,Q4,10,October,Oct,202510,2025-10,13,286,42,1,Monday,Mon,0,1,Columbus Day,Holiday,Autumn,0,346,0,0,0,0,0
2025-10-14,2025,4,Q4,10,October,Oct,202510,2025-10,14,287,42,2,Tuesday,Tue,0,0,,Weekday,Autumn,0,345,0,0,0,0,0
2025-10-15,2025,4,Q4,10,October,Oct,202510,2025-10,15,288,42,3,Wednesday,Wed,0,0,,Weekday,Autumn,0,344,0,0,0,0,0
2025-10-16,2025,4,Q4,10,October,Oct,202510,2025-10,16,289,42,4,Thursday,Thu,0,0,,Weekday,Autumn,0,343,0,0,0,0,0
2025-10-17,2025,4,Q4,10,October,Oct,202510,2025-10,17,290,42,5,Friday,Fri,0,0,,Weekday,Autumn,0,342,0,0,0,0,0
2025-10-18,2025,4,Q4,10,October,Oct,202510,2025-10,18,291,42,6,Saturday,Sat,1,0,,Weekend,Autumn,0,341,0,0,0,0,0
2025-10-19,2025,4,Q4,10,October,Oct,202510,2025-10,19,292,42,7,Sunday,Sun,1,0,,Weekend,Autumn,0,340,0,0,0,0,0
2025-10-20,2025,4,Q4,10,October,Oct,202510,2025-10,20,293,43,1,Monday,Mon,0,0,,Weekday,Autumn,0,339,0,0,0,0,0
2025-10-21,2025,4,Q4,10,October,Oct,202510,2025-10,21,294,43,2,Tuesday,Tue,0,0,,Weekday,Autumn,0,338,0,0,0,0,0
2025-10-22,2025,4,Q4,10,October,Oct,202510,2025-10,22,295,43,3,Wednesday,Wed,0,0,,Weekday,Autumn,0,337,0,0,0,0,0
2025-10-23,2025,4,Q4,10,October,Oct,202510,2025-10,23,296,43,4,Thursday,Thu,0,0,,Weekday,Autumn,0,336,0,0,0,0,0
2025-10-24,2025,4,Q4,10,October,Oct,202510,2025-10,24,297,43,5,Friday,Fri,0,0,,Weekday,Autumn,0,335,0,0,0,0,0
2025-10-25,2025,4,Q4,10,October,Oct,202510,2025-10,25,298,43,6,Saturday,Sat,1,0,,Weekend,Autumn,0,334,0,0,0,0,0
2025-10-26,2025,4,Q4,10,October,Oct,202510,2025-10,26,299,43,7,Sunday,Sun,1,0,,Weekend,Autumn,0,333,0,0,0,0,0
2025-10-27,2025,4,Q4,10,October,Oct,202510,2025-10,27,300,44,1,Monday,Mon,0,0,,Weekday,Autumn,0,332,0,0,0,0,0
2025-10-28,2025,4,Q4,10,October,Oct,202510,2025-10,28,301,44,2,Tuesday,Tue,0,0,,Weekday,Autumn,0,331,0,0,0,0,0
2025-10-29,2025,4,Q4,10,October,Oct,202510,2025-10,29,302,44,3,Wednesday,Wed,0,0,,Weekday,Autumn,0,330,0,0,0,0,0
2025-10-30,2025,4,Q4,10,October,Oct,202510,2025-10,30,303,44,4,Thursday,Thu,0,0,,Weekday,Autumn,0,329,0,0,0,0,0
2025-10-31,2025,4,Q4,10,October,Oct,202510,2025-10,31,304,44,5,Friday,Fri,0,0,,Weekday,Autumn,0,328,0,0,0,0,0
2025-11-01,2025,4,Q4,11,November,Nov,202511,2025-11,1,305,44,6,Saturday,Sat,1,0,,Weekend,Autumn,0,327,0,0,0,0,0
2025-11-02,2025,4,Q4,11,November,Nov,202511,2025-11,2,306,44,7,Sunday,Sun,1,0,,Weekend,Autumn,0,326,0,0,0,0,0
2025-11-03,2025,4,Q4,11,November,Nov,202511,2025-11,3,307,45,1,Monday,Mon,0,0,,Weekday,Autumn,0,325,0,0,0,0,0
2025-11-04,2025,4,Q4,11,November,Nov,202511,2025-11,4,308,45,2,Tuesday,Tue,0,0,,Weekday,Autumn,0,324,0,0,0,0,0
2025-11-05,2025,4,Q4,11,November,Nov,202511,2025-11,5,309,45,3,Wednesday,Wed,0,0,,Weekday,Autumn,0,323,0,0,0,0,0
2025-11-06,2025,4,Q4,11,November,Nov,202511,2025-11,6,310,45,4,Thursday,Thu,0,0,,Weekday,Autumn,0,322,0,0,0,0,0
2025-11-07,2025,4,Q4,11,November,Nov,202511,2025-11,7,311,45,5,Friday,Fri,0,0,,Weekday,Autumn,0,321,0,0,0,0,0
2025-11-08,2025,4,Q4,11,November,Nov,202511,2025-11,8,312,45,6,Saturday,Sat,1,0,,Weekend,Autumn,0,320,0,0,0,0,0
2025-11-09,2025,4,Q4,11,November,Nov,202511,2025-11,9,313,45,7,Sunday,Sun,1,0,,Weekend,Autumn,0,319,0,0,0,0,0
2025-11-10,2025,4,Q4,11,November,Nov,202511,2025-11,10,314,46,1,Monday,Mon,0,0,,Weekday,Autumn,0,318,0,0,0,0,0
2025-11-11,2025,4,Q4,11,November,Nov,202511,2025-11,11,315,46,2,Tuesday,Tue,0,1,Veterans Day,Holiday,Autumn,0,317,0,0,0,0,0
2025-11-12,2025,4,Q4,11,November,Nov,202511,2025-11,12,316,46,3,Wednesday,Wed,0,0,,Weekday,Autumn,0,316,0,0,0,0,0
2025-11-13,2025,4,Q4,11,November,Nov,202511,2025-11,13,317,46,4,Thursday,Thu,0,0,,Weekday,Autumn,0,315,0,0,0,0,0
2025-11-14,2025,4,Q4,11,November,Nov,202511,2025-11,14,318,46,5,Friday,Fri,0,0,,Weekday,Autumn,0,314,0,0,0,0,0
2025-11-15,2025,4,Q4,11,November,Nov,202511,2025-11,15,319,46,6,Saturday,Sat,1,0,,Weekend,Autumn,0,313,0,0,0,0,0
2025-11-16,2025,4,Q4,11,November,Nov,202511,2025-11,16,320,46,7,Sunday,Sun,1,0,,Weekend,Autumn,0,312,0,0,0,0,0
2025-11-17,2025,4,Q4,11,November,Nov,202511,2025-11,17,321,47,1,Monday,Mon,0,0,,Weekday,Autumn,0,311,0,0,0,0,0
2025-11-18,2025,4,Q4,11,November,Nov,202511,2025-11,18,322,47,2,Tuesday,Tue,0,0,,Weekday,Autumn,0,310,0,0,0,0,0
2025-11-19,2025,4,Q4,11,November,Nov,202511,2025-11,19,323,47,3,Wednesday,Wed,0,0,,Weekday,Autumn,0,309,0,0,0,0,0
2025-11-20,2025,4,Q4,11,November,Nov,202511,2025-11,20,324,47,4,Thursday,Thu,0,0,,Weekday,Autumn,0,308,0,0,0,0,0
2025-11-21,2025,4,Q4,11,November,Nov,202511,2025-11,21,325,47,5,Friday,Fri,0,0,,Weekday,Autumn,0,307,0,0,0,0,0
2025-11-22,2025,4,Q4,11,November,Nov,202511,2025-11,22,326,47,6,Saturday,Sat,1,0,,Weekend,Autumn,0,306,0,0,0,0,0
2025-11-23,2025,4,Q4,11,November,Nov,202511,2025-11,23,327,47,7,Sunday,Sun,1,0,,Weekend,Autumn,0,305,0,0,0,0,0
2025-11-24,2025,4,Q4,11,November,Nov,202511,2025-11,24,328,48,1,Monday,Mon,0,0,,Weekday,Autumn,0,304,0,0,0,0,0
2025-11-25,2025,4,Q4,11,November,Nov,202511,2025-11,25,329,48,2,Tuesday,Tue,0,0,,Weekday,Autumn,0,303,0,0,0,0,0
2025-11-26,2025,4,Q4,11,November,Nov,202511,2025-11,26,330,48,3,Wednesday,Wed,0,0,,Weekday,Autumn,0,302,0,0,0,0,0
2025-11-27,2025,4,Q4,11,November,Nov,202511,2025-11,27,331,48,4,Thursday,Thu,0,1,Thanksgiving Day,Holiday,Autumn,0,301,0,0,0,0,0
2025-11-28,2025,4,Q4,11,November,Nov,202511,2025-11,28,332,48,5,Friday,Fri,0,0,,Weekday,Autumn,0,300,0,0,0,0,0
2025-11-29,2025,4,Q4,11,November,Nov,202511,2025-11,29,333,48,6,Saturday,Sat,1,0,,Weekend,Autumn,0,299,0,0,0,0,0
2025-11-30,2025,4,Q4,11,November,Nov,202511,2025-11,30,334,48,7,Sunday,Sun,1,0,,Weekend,Autumn,0,298,0,0,0,0,0
2025-12-01,2025,4,Q4,12,December,Dec,202512,2025-12,1,335,49,1,Monday,Mon,0,0,,Weekday,Winter,0,297,0,0,0,0,0
2025-12-02,2025,4,Q4,12,December,Dec,202512,2025-12,2,336,49,2,Tuesday,Tue,0,0,,Weekday,Winter,0,296,0,0,0,0,0
2025-12-03,2025,4,Q4,12,December,Dec,202512,2025-12,3,337,49,3,Wednesday,Wed,0,0,,Weekday,Winter,0,295,0,0,0,0,0
2025-12-04,2025,4,Q4,12,December,Dec,202512,2025-12,4,338,49,4,Thursday,Thu,0,0,,Weekday,Winter,0,294,0,0,0,0,0
2025-12-05,2025,4,Q4,12,December,Dec,202512,2025-12,5,339,49,5,Friday,Fri,0,0,,Weekday,Winter,0,293,0,0,0,0,0
2025-12-06,2025,4,Q4,12,December,Dec,202512,2025-12,6,340,49,6,Saturday,Sat,1,0,,Weekend,Winter,0,292,0,0,0,0,0
2025-12-07,2025,4,Q4,12,December,Dec,202512,2025-12,7,341,49,7,Sunday,Sun,1,0,,Weekend,Winter,0,291,0,0,0,0,0
2025-12-08,2025,4,Q4,12,December,Dec,202512,2025-12,8,342,50,1,Monday,Mon,0,0,,Weekday,Winter,0,290,0,0,0,0,0
2025-12-09,2025,4,Q4,12,December,Dec,202512,2025-12,9,343,50,2,Tuesday,Tue,0,0,,Weekday,Winter,0,289,0,0,0,0,0
2025-12-10,2025,4,Q4,12,December,Dec,202512,2025-12,10,344,50,3,Wednesday,Wed,0,0,,Weekday,Winter,0,288,0,0,0,0,0
2025-12-11,2025,4,Q4,12,December,Dec,202512,2025-12,11,345,50,4,Thursday,Thu,0,0,,Weekday,Winter,0,287,0,0,0,0,0
2025-12-12,2025,4,Q4,12,December,Dec,202512,2025-12,12,346,50,5,Friday,Fri,0,0,,Weekday,Winter,0,286,0,0,0,0,0
2025-12-13,2025,4,Q4,12,December,Dec,202512,2025-12,13,347,50,6,Saturday,Sat,1,0,,Weekend,Winter,0,285,0,0,0,0,0
2025-12-14,2025,4,Q4,12,December,Dec,202512,2025-12,14,348,50,7,Sunday,Sun,1,0,,Weekend,Winter,0,284,0,0,0,0,0
2025-12-15,2025,4,Q4,12,December,Dec,202512,2025-12,15,349,51,1,Monday,Mon,0,0,,Weekday,Winter,0,283,0,0,0,0,0
2025-12-16,2025,4,Q4,12,December,Dec,202512,2025-12,16,350,51,2,Tuesday,Tue,0,0,,Weekday,Winter,0,282,0,0,0,0,0
2025-12-17,2025,4,Q4,12,December,Dec,202512,2025-12,17,351,51,3,Wednesday,Wed,0,0,,Weekday,Winter,0,281,0,0,0,0,0
2025-12-18,2025,4,Q4,12,December,Dec,202512,2025-12,18,352,51,4,Thursday,Thu,0,0,,Weekday,Winter,0,280,0,0,0,0,0
2025-12-19,2025,4,Q4,12,December,Dec,202512,2025-12,19,353,51,5,Friday,Fri,0,0,,Weekday,Winter,0,279,0,0,0,0,0
2025-12-20,2025,4,Q4,12,December,Dec,202512,2025-12,20,354,51,6,Saturday,Sat,1,0,,Weekend,Winter,0,278,0,0,0,0,0
2025-12-21,2025,4,Q4,12,December,Dec,202512,2025-12,21,355,51,7,Sunday,Sun,1,0,,Weekend,Winter,0,277,0,0,0,0,0
2025-12-22,2025,4,Q4,12,December,Dec,202512,2025-12,22,356,52,1,Monday,Mon,0,0,,Weekday,Winter,0,276,0,0,0,0,0
2025-12-23,2025,4,Q4,12,December,Dec,202512,2025-12,23,357,52,2,Tuesday,Tue,0,0,,Weekday,Winter,0,275,0,0,0,0,0
2025-12-24,2025,4,Q4,12,December,Dec,202512,2025-12,24,358,52,3,Wednesday,Wed,0,0,,Weekday,Winter,0,274,0,0,0,0,0
2025-12-25,2025,4,Q4,12,December,Dec,202512,2025-12,25,359,52,4,Thursday,Thu,0,1,Christmas Day,Holiday,Winter,0,273,0,0,0,0,0
2025-12-26,2025,4,Q4,12,December,Dec,202512,2025-12,26,360,52,5,Friday,Fri,0,0,,Weekday,Winter,0,272,0,0,0,0,0
2025-12-27,2025,4,Q4,12,December,Dec,202512,2025-12,27,361,52,6,Saturday,Sat,1,0,,Weekend,Winter,0,271,0,0,0,0,0
2025-12-28,2025,4,Q4,12,December,Dec,202512,2025-12,28,362,52,7,Sunday,Sun,1,0,,Weekend,Winter,0,270,0,0,0,0,0
2025-12-29,2025,4,Q4,12,December,Dec,202512,2025-12,29,363,1,1,Monday,Mon,0,0,,Weekday,Winter,0,269,0,0,0,0,0
2025-12-30,2025,4,Q4,12,December,Dec,202512,2025-12,30,364,1,2,Tuesday,Tue,0,0,,Weekday,Winter,0,268,0,0,0,0,0
2025-12-31,2025,4,Q4,12,December,Dec,202512,2025-12,31,365,1,3,Wednesday,Wed,0,0,,Weekday,Winter,0,267,0,0,0,0,0
2026-01-01,2026,1,Q1,1,January,Jan,202601,2026-01,1,1,1,4,Thursday,Thu,0,1,New Year's Day,Holiday,Winter,0,266,0,0,0,0,0
2026-01-02,2026,1,Q1,1,January,Jan,202601,2026-01,2,2,1,5,Friday,Fri,0,0,,Weekday,Winter,0,265,0,0,0,0,0
2026-01-03,2026,1,Q1,1,January,Jan,202601,2026-01,3,3,1,6,Saturday,Sat,1,0,,Weekend,Winter,0,264,0,0,0,0,0
2026-01-04,2026,1,Q1,1,January,Jan,202601,2026-01,4,4,1,7,Sunday,Sun,1,0,,Weekend,Winter,0,263,0,0,0,0,0
2026-01-05,2026,1,Q1,1,January,Jan,202601,2026-01,5,5,2,1,Monday,Mon,0,0,,Weekday,Winter,0,262,0,0,0,0,0
2026-01-06,2026,1,Q1,1,January,Jan,202601,2026-01,6,6,2,2,Tuesday,Tue,0,0,,Weekday,Winter,0,261,0,0,0,0,0
2026-01-07,2026,1,Q1,1,January,Jan,202601,2026-01,7,7,2,3,Wednesday,Wed,0,0,,Weekday,Winter,0,260,0,0,0,0,0
2026-01-08,2026,1,Q1,1,January,Jan,202601,2026-01,8,8,2,4,Thursday,Thu,0,0,,Weekday,Winter,0,259,0,0,0,0,0
2026-01-09,2026,1,Q1,1,January,Jan,202601,2026-01,9,9,2,5,Friday,Fri,0,0,,Weekday,Winter,0,258,0,0,0,0,0
2026-01-10,2026,1,Q1,1,January,Jan,202601,2026-01,10,10,2,6,Saturday,Sat,1,0,,Weekend,Winter,0,257,0,0,0,0,0
2026-01-11,2026,1,Q1,1,January,Jan,202601,2026-01,11,11,2,7,Sunday,Sun,1,0,,Weekend,Winter,0,256,0,0,0,0,0
2026-01-12,2026,1,Q1,1,January,Jan,202601,2026-01,12,12,3,1,Monday,Mon,0,0,,Weekday,Winter,0,255,0,0,0,0,0
2026-01-13,2026,1,Q1,1,January,Jan,202601,2026-01,13,13,3,2,Tuesday,Tue,0,0,,Weekday,Winter,0,254,0,0,0,0,0
2026-01-14,2026,1,Q1,1,January,Jan,202601,2026-01,14,14,3,3,Wednesday,Wed,0,0,,Weekday,Winter,0,253,0,0,0,0,0
2026-01-15,2026,1,Q1,1,January,Jan,202601,2026-01,15,15,3,4,Thursday,Thu,0,0,,Weekday,Winter,0,252,0,0,0,0,0
2026-01-16,2026,1,Q1,1,January,Jan,202601,2026-01,16,16,3,5,Friday,Fri,0,0,,Weekday,Winter,0,251,0,0,0,0,0
2026-01-17,2026,1,Q1,1,January,Jan,202601,2026-01,17,17,3,6,Saturday,Sat,1,0,,Weekend,Winter,0,250,0,0,0,0,0
2026-01-18,2026,1,Q1,1,January,Jan,202601,2026-01,18,18,3,7,Sunday,Sun,1,0,,Weekend,Winter,0,249,0,0,0,0,0
2026-01-19,2026,1,Q1,1,January,Jan,202601,2026-01,19,19,4,1,Monday,Mon,0,1,"Birthday of Martin Luther King, Jr.",Holiday,Winter,0,248,0,0,0,0,0
2026-01-20,2026,1,Q1,1,January,Jan,202601,2026-01,20,20,4,2,Tuesday,Tue,0,0,,Weekday,Winter,0,247,0,0,0,0,0
2026-01-21,2026,1,Q1,1,January,Jan,202601,2026-01,21,21,4,3,Wednesday,Wed,0,0,,Weekday,Winter,0,246,0,0,0,0,0
2026-01-22,2026,1,Q1,1,January,Jan,202601,2026-01,22,22,4,4,Thursday,Thu,0,0,,Weekday,Winter,0,245,0,0,0,0,0
2026-01-23,2026,1,Q1,1,January,Jan,202601,2026-01,23,23,4,5,Friday,Fri,0,0,,Weekday,Winter,0,244,0,0,0,0,0
2026-01-24,2026,1,Q1,1,January,Jan,202601,2026-01,24,24,4,6,Saturday,Sat,1,0,,Weekend,Winter,0,243,0,0,0,0,0
2026-01-25,2026,1,Q1,1,January,Jan,202601,2026-01,25,25,4,7,Sunday,Sun,1,0,,Weekend,Winter,0,242,0,0,0,0,0
2026-01-26,2026,1,Q1,1,January,Jan,202601,2026-01,26,26,5,1,Monday,Mon,0,0,,Weekday,Winter,0,241,0,0,0,0,0
2026-01-27,2026,1,Q1,1,January,Jan,202601,2026-01,27,27,5,2,Tuesday,Tue,0,0,,Weekday,Winter,0,240,0,0,0,0,0
2026-01-28,2026,1,Q1,1,January,Jan,202601,2026-01,28,28,5,3,Wednesday,Wed,0,0,,Weekday,Winter,0,239,0,0,0,0,0
2026-01-29,2026,1,Q1,1,January,Jan,202601,2026-01,29,29,5,4,Thursday,Thu,0,0,,Weekday,Winter,0,238,0,0,0,0,0
2026-01-30,2026,1,Q1,1,January,Jan,202601,2026-01,30,30,5,5,Friday,Fri,0,0,,Weekday,Winter,0,237,0,0,0,0,0
2026-01-31,2026,1,Q1,1,January,Jan,202601,2026-01,31,31,5,6,Saturday,Sat,1,0,,Weekend,Winter,0,236,0,0,0,0,0
2026-02-01,2026,1,Q1,2,February,Feb,202602,2026-02,1,32,5,7,Sunday,Sun,1,0,,Weekend,Winter,0,235,0,0,0,0,0
2026-02-02,2026,1,Q1,2,February,Feb,202602,2026-02,2,33,6,1,Monday,Mon,0,0,,Weekday,Winter,0,234,0,0,0,0,0
2026-02-03,2026,1,Q1,2,February,Feb,202602,2026-02,3,34,6,2,Tuesday,Tue,0,0,,Weekday,Winter,0,233,0,0,0,0,0
2026-02-04,2026,1,Q1,2,February,Feb,202602,2026-02,4,35,6,3,Wednesday,Wed,0,0,,Weekday,Winter,0,232,0,0,0,0,0
2026-02-05,2026,1,Q1,2,February,Feb,202602,2026-02,5,36,6,4,Thursday,Thu,0,0,,Weekday,Winter,0,231,0,0,0,0,0
2026-02-06,2026,1,Q1,2,February,Feb,202602,2026-02,6,37,6,5,Friday,Fri,0,0,,Weekday,Winter,0,230,0,0,0,0,0
2026-02-07,2026,1,Q1,2,February,Feb,202602,2026-02,7,38,6,6,Saturday,Sat,1,0,,Weekend,Winter,0,229,0,0,0,0,0
2026-02-08,2026,1,Q1,2,February,Feb,202602,2026-02,8,39,6,7,Sunday,Sun,1,0,,Weekend,Winter,0,228,0,0,0,0,0
2026-02-09,2026,1,Q1,2,February,Feb,202602,2026-02,9,40,7,1,Monday,Mon,0,0,,Weekday,Winter,0,227,0,0,0,0,0
2026-02-10,2026,1,Q1,2,February,Feb,202602,2026-02,10,41,7,2,Tuesday,Tue,0,0,,Weekday,Winter,0,226,0,0,0,0,0
2026-02-11,2026,1,Q1,2,February,Feb,202602,2026-02,11,42,7,3,Wednesday,Wed,0,0,,Weekday,Winter,0,225,0,0,0,0,0
2026-02-12,2026,1,Q1,2,February,Feb,202602,2026-02,12,43,7,4,Thursday,Thu,0,0,,Weekday,Winter,0,224,0,0,0,0,0
2026-02-13,2026,1,Q1,2,February,Feb,202602,2026-02,13,44,7,5,Friday,Fri,0,0,,Weekday,Winter,0,223,0,0,0,0,0
2026-02-14,2026,1,Q1,2,February,Feb,202602,2026-02,14,45,7,6,Saturday,Sat,1,0,,Weekend,Winter,0,222,0,0,0,0,0
2026-02-15,2026,1,Q1,2,February,Feb,202602,2026-02,15,46,7,7,Sunday,Sun,1,0,,Weekend,Winter,0,221,0,0,0,0,0
2026-02-16,2026,1,Q1,2,February,Feb,202602,2026-02,16,47,8,1,Monday,Mon,0,1,Washington's Birthday,Holiday,Winter,0,220,0,0,0,0,0
2026-02-17,2026,1,Q1,2,February,Feb,202602,2026-02,17,48,8,2,Tuesday,Tue,0,0,,Weekday,Winter,0,219,0,0,0,0,0
2026-02-18,2026,1,Q1,2,February,Feb,202602,2026-02,18,49,8,3,Wednesday,Wed,0,0,,Weekday,Winter,0,218,0,0,0,0,0
2026-02-19,2026,1,Q1,2,February,Feb,202602,2026-02,19,50,8,4,Thursday,Thu,0,0,,Weekday,Winter,0,217,0,0,0,0,0
2026-02-20,2026,1,Q1,2,February,Feb,202602,2026-02,20,51,8,5,Friday,Fri,0,0,,Weekday,Winter,0,216,0,0,0,0,0
2026-02-21,2026,1,Q1,2,February,Feb,202602,2026-02,21,52,8,6,Saturday,Sat,1,0,,Weekend,Winter,0,215,0,0,0,0,0
2026-02-22,2026,1,Q1,2,February,Feb,202602,2026-02,22,53,8,7,Sunday,Sun,1,0,,Weekend,Winter,0,214,0,0,0,0,0
2026-02-23,2026,1,Q1,2,February,Feb,202602,2026-02,23,54,9,1,Monday,Mon,0,0,,Weekday,Winter,0,213,0,0,0,0,0
2026-02-24,2026,1,Q1,2,February,Feb,202602,2026-02,24,55,9,2,Tuesday,Tue,0,0,,Weekday,Winter,0,212,0,0,0,0,0
2026-02-25,2026,1,Q1,2,February,Feb,202602,2026-02,25,56,9,3,Wednesday,Wed,0,0,,Weekday,Winter,0,211,0,0,0,0,0
2026-02-26,2026,1,Q1,2,February,Feb,202602,2026-02,26,57,9,4,Thursday,Thu,0,0,,Weekday,Winter,0,210,0,0,0,0,0
2026-02-27,2026,1,Q1,2,February,Feb,202602,2026-02,27,58,9,5,Friday,Fri,0,0,,Weekday,Winter,0,209,0,0,0,0,0
2026-02-28,2026,1,Q1,2,February,Feb,202602,2026-02,28,59,9,6,Saturday,Sat,1,0,,Weekend,Winter,0,208,0,0,0,0,0
2026-03-01,2026,1,Q1,3,March,Mar,202603,2026-03,1,60,9,7,Sunday,Sun,1,0,,Weekend,Spring,0,207,0,0,0,0,0
2026-03-02,2026,1,Q1,3,March,Mar,202603,2026-03,2,61,10,1,Monday,Mon,0,0,,Weekday,Spring,0,206,0,0,0,0,0
2026-03-03,2026,1,Q1,3,March,Mar,202603,2026-03,3,62,10,2,Tuesday,Tue,0,0,,Weekday,Spring,0,205,0,0,0,0,0
2026-03-04,2026,1,Q1,3,March,Mar,202603,2026-03,4,63,10,3,Wednesday,Wed,0,0,,Weekday,Spring,0,204,0,0,0,0,0
2026-03-05,2026,1,Q1,3,March,Mar,202603,2026-03,5,64,10,4,Thursday,Thu,0,0,,Weekday,Spring,0,203,0,0,0,0,0
2026-03-06,2026,1,Q1,3,March,Mar,202603,2026-03,6,65,10,5,Friday,Fri,0,0,,Weekday,Spring,0,202,0,0,0,0,0
2026-03-07,2026,1,Q1,3,March,Mar,202603,2026-03,7,66,10,6,Saturday,Sat,1,0,,Weekend,Spring,0,201,0,0,0,0,0
2026-03-08,2026,1,Q1,3,March,Mar,202603,2026-03,8,67,10,7,Sunday,Sun,1,0,,Weekend,Spring,0,200,0,0,0,0,0
2026-03-09,2026,1,Q1,3,March,Mar,202603,2026-03,9,68,11,1,Monday,Mon,0,0,,Weekday,Spring,0,199,0,0,0,0,0
2026-03-10,2026,1,Q1,3,March,Mar,202603,2026-03,10,69,11,2,Tuesday,Tue,0,0,,Weekday,Spring,0,198,0,0,0,0,0
2026-03-11,2026,1,Q1,3,March,Mar,202603,2026-03,11,70,11,3,Wednesday,Wed,0,0,,Weekday,Spring,0,197,0,0,0,0,0
2026-03-12,2026,1,Q1,3,March,Mar,202603,2026-03,12,71,11,4,Thursday,Thu,0,0,,Weekday,Spring,0,196,0,0,0,0,0
2026-03-13,2026,1,Q1,3,March,Mar,202603,2026-03,13,72,11,5,Friday,Fri,0,0,,Weekday,Spring,0,195,0,0,0,0,0
2026-03-14,2026,1,Q1,3,March,Mar,202603,2026-03,14,73,11,6,Saturday,Sat,1,0,,Weekend,Spring,0,194,0,0,0,0,0
2026-03-15,2026,1,Q1,3,March,Mar,202603,2026-03,15,74,11,7,Sunday,Sun,1,0,,Weekend,Spring,0,193,0,0,0,0,0
2026-03-16,2026,1,Q1,3,March,Mar,202603,2026-03,16,75,12,1,Monday,Mon,0,0,,Weekday,Spring,0,192,0,0,0,0,0
2026-03-17,2026,1,Q1,3,March,Mar,202603,2026-03,17,76,12,2,Tuesday,Tue,0,0,,Weekday,Spring,0,191,0,0,0,0,0
2026-03-18,2026,1,Q1,3,March,Mar,202603,2026-03,18,77,12,3,Wednesday,Wed,0,0,,Weekday,Spring,0,190,0,0,0,0,0
2026-03-19,2026,1,Q1,3,March,Mar,202603,2026-03,19,78,12,4,Thursday,Thu,0,0,,Weekday,Spring,0,189,0,0,0,0,0
2026-03-20,2026,1,Q1,3,March,Mar,202603,2026-03,20,79,12,5,Friday,Fri,0,0,,Weekday,Spring,0,188,0,0,0,0,0
2026-03-21,2026,1,Q1,3,March,Mar,202603,2026-03,21,80,12,6,Saturday,Sat,1,0,,Weekend,Spring,0,187,0,0,0,0,0
2026-03-22,2026,1,Q1,3,March,Mar,202603,2026-03,22,81,12,7,Sunday,Sun,1,0,,Weekend,Spring,0,186,0,0,0,0,0
2026-03-23,2026,1,Q1,3,March,Mar,202603,2026-03,23,82,13,1,Monday,Mon,0,0,,Weekday,Spring,0,185,0,0,0,0,0
2026-03-24,2026,1,Q1,3,March,Mar,202603,2026-03,24,83,13,2,Tuesday,Tue,0,0,,Weekday,Spring,0,184,0,0,0,0,0
2026-03-25,2026,1,Q1,3,March,Mar,202603,2026-03,25,84,13,3,Wednesday,Wed,0,0,,Weekday,Spring,0,183,0,0,0,0,0
2026-03-26,2026,1,Q1,3,March,Mar,202603,2026-03,26,85,13,4,Thursday,Thu,0,0,,Weekday,Spring,0,182,0,0,0,0,0
2026-03-27,2026,1,Q1,3,March,Mar,202603,2026-03,27,86,13,5,Friday,Fri,0,0,,Weekday,Spring,0,181,0,0,0,0,0
2026-03-28,2026,1,Q1,3,March,Mar,202603,2026-03,28,87,13,6,Saturday,Sat,1,0,,Weekend,Spring,0,180,0,0,0,0,0
2026-03-29,2026,1,Q1,3,March,Mar,202603,2026-03,29,88,13,7,Sunday,Sun,1,0,,Weekend,Spring,0,179,0,0,0,0,0
2026-03-30,2026,1,Q1,3,March,Mar,202603,2026-03,30,89,14,1,Monday,Mon,0,0,,Weekday,Spring,0,178,0,0,0,0,0
2026-03-31,2026,1,Q1,3,March,Mar,202603,2026-03,31,90,14,2,Tuesday,Tue,0,0,,Weekday,Spring,0,177,0,0,0,0,0
2026-04-01,2026,2,Q2,4,April,Apr,202604,2026-04,1,91,14,3,Wednesday,Wed,0,0,,Weekday,Spring,0,176,0,0,0,0,0
2026-04-02,2026,2,Q2,4,April,Apr,202604,2026-04,2,92,14,4,Thursday,Thu,0,0,,Weekday,Spring,0,175,0,0,0,0,0
2026-04-03,2026,2,Q2,4,April,Apr,202604,2026-04,3,93,14,5,Friday,Fri,0,0,,Weekday,Spring,0,174,0,0,0,0,0
2026-04-04,2026,2,Q2,4,April,Apr,202604,2026-04,4,94,14,6,Saturday,Sat,1,0,,Weekend,Spring,0,173,0,0,0,0,0
2026-04-05,2026,2,Q2,4,April,Apr,202604,2026-04,5,95,14,7,Sunday,Sun,1,0,,Weekend,Spring,0,172,0,0,0,0,0
2026-04-06,2026,2,Q2,4,April,Apr,202604,2026-04,6,96,15,1,Monday,Mon,0,0,,Weekday,Spring,0,171,0,0,0,0,0
2026-04-07,2026,2,Q2,4,April,Apr,202604,2026-04,7,97,15,2,Tuesday,Tue,0,0,,Weekday,Spring,0,170,0,0,0,0,0
2026-04-08,2026,2,Q2,4,April,Apr,202604,2026-04,8,98,15,3,Wednesday,Wed,0,0,,Weekday,Spring,0,169,0,0,0,0,0
2026-04-09,2026,2,Q2,4,April,Apr,202604,2026-04,9,99,15,4,Thursday,Thu,0,0,,Weekday,Spring,0,168,0,0,0,0,0
2026-04-10,2026,2,Q2,4,April,Apr,202604,2026-04,10,100,15,5,Friday,Fri,0,0,,Weekday,Spring,0,167,0,0,0,0,0
2026-04-11,2026,2,Q2,4,April,Apr,202604,2026-04,11,101,15,6,Saturday,Sat,1,0,,Weekend,Spring,0,166,0,0,0,0,0
2026-04-12,2026,2,Q2,4,April,Apr,202604,2026-04,12,102,15,7,Sunday,Sun,1,0,,Weekend,Spring,0,165,0,0,0,0,0
2026-04-13,2026,2,Q2,4,April,Apr,202604,2026-04,13,103,16,1,Monday,Mon,0,0,,Weekday,Spring,0,164,0,0,0,0,0
2026-04-14,2026,2,Q2,4,April,Apr,202604,2026-04,14,104,16,2,Tuesday,Tue,0,0,,Weekday,Spring,0,163,0,0,0,0,0
2026-04-15,2026,2,Q2,4,April,Apr,202604,2026-04,15,105,16,3,Wednesday,Wed,0,0,,Weekday,Spring,0,162,0,0,0,0,0
2026-04-16,2026,2,Q2,4,April,Apr,202604,2026-04,16,106,16,4,Thursday,Thu,0,0,,Weekday,Spring,0,161,0,0,0,0,0
2026-04-17,2026,2,Q2,4,April,Apr,202604,2026-04,17,107,16,5,Friday,Fri,0,0,,Weekday,Spring,0,160,0,0,0,0,0
2026-04-18,2026,2,Q2,4,April,Apr,202604,2026-04,18,108,16,6,Saturday,Sat,1,0,,Weekend,Spring,0,159,0,0,0,0,0
2026-04-19,2026,2,Q2,4,April,Apr,202604,2026-04,19,109,16,7,Sunday,Sun,1,0,,Weekend,Spring,0,158,0,0,0,0,0
2026-04-20,2026,2,Q2,4,April,Apr,202604,2026-04,20,110,17,1,Monday,Mon,0,0,,Weekday,Spring,0,157,0,0,0,0,0
2026-04-21,2026,2,Q2,4,April,Apr,202604,2026-04,21,111,17,2,Tuesday,Tue,0,0,,Weekday,Spring,0,156,0,0,0,0,0
2026-04-22,2026,2,Q2,4,April,Apr,202604,2026-04,22,112,17,3,Wednesday,Wed,0,0,,Weekday,Spring,0,155,0,0,0,0,0
2026-04-23,2026,2,Q2,4,April,Apr,202604,2026-04,23,113,17,4,Thursday,Thu,0,0,,Weekday,Spring,0,154,0,0,0,0,0
2026-04-24,2026,2,Q2,4,April,Apr,202604,2026-04,24,114,17,5,Friday,Fri,0,0,,Weekday,Spring,0,153,0,0,0,0,0
2026-04-25,2026,2,Q2,4,April,Apr,202604,2026-04,25,115,17,6,Saturday,Sat,1,0,,Weekend,Spring,0,152,0,0,0,0,0
2026-04-26,2026,2,Q2,4,April,Apr,202604,2026-04,26,116,17,7,Sunday,Sun,1,0,,Weekend,Spring,0,151,0,0,0,0,0
2026-04-27,2026,2,Q2,4,April,Apr,202604,2026-04,27,117,18,1,Monday,Mon,0,0,,Weekday,Spring,0,150,0,0,0,0,0
2026-04-28,2026,2,Q2,4,April,Apr,202604,2026-04,28,118,18,2,Tuesday,Tue,0,0,,Weekday,Spring,0,149,0,0,0,0,0
2026-04-29,2026,2,Q2,4,April,Apr,202604,2026-04,29,119,18,3,Wednesday,Wed,0,0,,Weekday,Spring,0,148,0,0,0,0,0
2026-04-30,2026,2,Q2,4,April,Apr,202604,2026-04,30,120,18,4,Thursday,Thu,0,0,,Weekday,Spring,0,147,0,0,0,0,0
2026-05-01,2026,2,Q2,5,May,May,202605,2026-05,1,121,18,5,Friday,Fri,0,0,,Weekday,Spring,0,146,0,0,0,0,0
2026-05-02,2026,2,Q2,5,May,May,202605,2026-05,2,122,18,6,Saturday,Sat,1,0,,Weekend,Spring,0,145,0,0,0,0,0
2026-05-03,2026,2,Q2,5,May,May,202605,2026-05,3,123,18,7,Sunday,Sun,1,0,,Weekend,Spring,0,144,0,0,0,0,0
2026-05-04,2026,2,Q2,5,May,May,202605,2026-05,4,124,19,1,Monday,Mon,0,0,,Weekday,Spring,0,143,0,0,0,0,0
2026-05-05,2026,2,Q2,5,May,May,202605,2026-05,5,125,19,2,Tuesday,Tue,0,0,,Weekday,Spring,0,142,0,0,0,0,0
2026-05-06,2026,2,Q2,5,May,May,202605,2026-05,6,126,19,3,Wednesday,Wed,0,0,,Weekday,Spring,0,141,0,0,0,0,0
2026-05-07,2026,2,Q2,5,May,May,202605,2026-05,7,127,19,4,Thursday,Thu,0,0,,Weekday,Spring,0,140,0,0,0,0,0
2026-05-08,2026,2,Q2,5,May,May,202605,2026-05,8,128,19,5,Friday,Fri,0,0,,Weekday,Spring,0,139,0,0,0,0,0
2026-05-09,2026,2,Q2,5,May,May,202605,2026-05,9,129,19,6,Saturday,Sat,1,0,,Weekend,Spring,0,138,0,0,0,0,0
2026-05-10,2026,2,Q2,5,May,May,202605,2026-05,10,130,19,7,Sunday,Sun,1,0,,Weekend,Spring,0,137,0,0,0,0,0
2026-05-11,2026,2,Q2,5,May,May,202605,2026-05,11,131,20,1,Monday,Mon,0,0,,Weekday,Spring,0,136,0,0,0,0,0
2026-05-12,2026,2,Q2,5,May,May,202605,2026-05,12,132,20,2,Tuesday,Tue,0,0,,Weekday,Spring,0,135,0,0,0,0,0
2026-05-13,2026,2,Q2,5,May,May,202605,2026-05,13,133,20,3,Wednesday,Wed,0,0,,Weekday,Spring,0,134,0,0,0,0,0
2026-05-14,2026,2,Q2,5,May,May,202605,2026-05,14,134,20,4,Thursday,Thu,0,0,,Weekday,Spring,0,133,0,0,0,0,0
2026-05-15,2026,2,Q2,5,May,May,202605,2026-05,15,135,20,5,Friday,Fri,0,0,,Weekday,Spring,0,132,0,0,0,0,0
2026-05-16,2026,2,Q2,5,May,May,202605,2026-05,16,136,20,6,Saturday,Sat,1,0,,Weekend,Spring,0,131,0,0,0,0,0
2026-05-17,2026,2,Q2,5,May,May,202605,2026-05,17,137,20,7,Sunday,Sun,1,0,,Weekend,Spring,0,130,0,0,0,0,0
2026-05-18,2026,2,Q2,5,May,May,202605,2026-05,18,138,21,1,Monday,Mon,0,0,,Weekday,Spring,0,129,0,0,0,0,0
2026-05-19,2026,2,Q2,5,May,May,202605,2026-05,19,139,21,2,Tuesday,Tue,0,0,,Weekday,Spring,0,128,0,0,0,0,0
2026-05-20,2026,2,Q2,5,May,May,202605,2026-05,20,140,21,3,Wednesday,Wed,0,0,,Weekday,Spring,0,127,0,0,0,0,0
2026-05-21,2026,2,Q2,5,May,May,202605,2026-05,21,141,21,4,Thursday,Thu,0,0,,Weekday,Spring,0,126,0,0,0,0,0
2026-05-22,2026,2,Q2,5,May,May,202605,2026-05,22,142,21,5,Friday,Fri,0,0,,Weekday,Spring,0,125,0,0,0,0,0
2026-05-23,2026,2,Q2,5,May,May,202605,2026-05,23,143,21,6,Saturday,Sat,1,0,,Weekend,Spring,0,124,0,0,0,0,0
2026-05-24,2026,2,Q2,5,May,May,202605,2026-05,24,144,21,7,Sunday,Sun,1,0,,Weekend,Spring,0,123,0,0,0,0,0
2026-05-25,2026,2,Q2,5,May,May,202605,2026-05,25,145,22,1,Monday,Mon,0,1,Memorial Day,Holiday,Spring,0,122,0,0,0,0,0
2026-05-26,2026,2,Q2,5,May,May,202605,2026-05,26,146,22,2,Tuesday,Tue,0,0,,Weekday,Spring,0,121,0,0,0,0,0
2026-05-27,2026,2,Q2,5,May,May,202605,2026-05,27,147,22,3,Wednesday,Wed,0,0,,Weekday,Spring,0,120,0,0,0,0,0
2026-05-28,2026,2,Q2,5,May,May,202605,2026-05,28,148,22,4,Thursday,Thu,0,0,,Weekday,Spring,0,119,0,0,0,0,0
2026-05-29,2026,2,Q2,5,May,May,202605,2026-05,29,149,22,5,Friday,Fri,0,0,,Weekday,Spring,0,118,0,0,0,0,0
2026-05-30,2026,2,Q2,5,May,May,202605,2026-05,30,150,22,6,Saturday,Sat,1,0,,Weekend,Spring,0,117,0,0,0,0,0
2026-05-31,2026,2,Q2,5,May,May,202605,2026-05,31,151,22,7,Sunday,Sun,1,0,,Weekend,Spring,0,116,0,0,0,0,0
2026-06-01,2026,2,Q2,6,June,Jun,202606,2026-06,1,152,23,1,Monday,Mon,0,0,,Weekday,Summer,1,115,0,0,0,0,0
2026-06-02,2026,2,Q2,6,June,Jun,202606,2026-06,2,153,23,2,Tuesday,Tue,0,0,,Weekday,Summer,1,114,0,0,0,0,0
2026-06-03,2026,2,Q2,6,June,Jun,202606,2026-06,3,154,23,3,Wednesday,Wed,0,0,,Weekday,Summer,1,113,0,0,0,0,0
2026-06-04,2026,2,Q2,6,June,Jun,202606,2026-06,4,155,23,4,Thursday,Thu,0,0,,Weekday,Summer,1,112,0,0,0,0,0
2026-06-05,2026,2,Q2,6,June,Jun,202606,2026-06,5,156,23,5,Friday,Fri,0,0,,Weekday,Summer,1,111,0,0,0,0,0
2026-06-06,2026,2,Q2,6,June,Jun,202606,2026-06,6,157,23,6,Saturday,Sat,1,0,,Weekend,Summer,1,110,0,0,0,0,0
2026-06-07,2026,2,Q2,6,June,Jun,202606,2026-06,7,158,23,7,Sunday,Sun,1,0,,Weekend,Summer,1,109,0,0,0,0,0
2026-06-08,2026,2,Q2,6,June,Jun,202606,2026-06,8,159,24,1,Monday,Mon,0,0,,Weekday,Summer,1,108,0,0,0,0,0
2026-06-09,2026,2,Q2,6,June,Jun,202606,2026-06,9,160,24,2,Tuesday,Tue,0,0,,Weekday,Summer,1,107,0,0,0,0,0
2026-06-10,2026,2,Q2,6,June,Jun,202606,2026-06,10,161,24,3,Wednesday,Wed,0,0,,Weekday,Summer,1,106,0,0,0,0,0
2026-06-11,2026,2,Q2,6,June,Jun,202606,2026-06,11,162,24,4,Thursday,Thu,0,0,,Weekday,Summer,1,105,0,0,0,0,0
2026-06-12,2026,2,Q2,6,June,Jun,202606,2026-06,12,163,24,5,Friday,Fri,0,0,,Weekday,Summer,1,104,0,0,0,0,0
2026-06-13,2026,2,Q2,6,June,Jun,202606,2026-06,13,164,24,6,Saturday,Sat,1,0,,Weekend,Summer,1,103,0,0,0,0,0
2026-06-14,2026,2,Q2,6,June,Jun,202606,2026-06,14,165,24,7,Sunday,Sun,1,0,,Weekend,Summer,1,102,0,0,0,0,0
2026-06-15,2026,2,Q2,6,June,Jun,202606,2026-06,15,166,25,1,Monday,Mon,0,0,,Weekday,Summer,1,101,0,0,0,0,0
2026-06-16,2026,2,Q2,6,June,Jun,202606,2026-06,16,167,25,2,Tuesday,Tue,0,0,,Weekday,Summer,1,100,0,0,0,0,0
2026-06-17,2026,2,Q2,6,June,Jun,202606,2026-06,17,168,25,3,Wednesday,Wed,0,0,,Weekday,Summer,1,99,0,0,0,0,0
2026-06-18,2026,2,Q2,6,June,Jun,202606,2026-06,18,169,25,4,Thursday,Thu,0,0,,Weekday,Summer,1,98,0,0,0,0,0
2026-06-19,2026,2,Q2,6,June,Jun,202606,2026-06,19,170,25,5,Friday,Fri,0,1,Juneteenth National Independence Day,Holiday,Summer,1,97,0,0,0,0,0
2026-06-20,2026,2,Q2,6,June,Jun,202606,2026-06,20,171,25,6,Saturday,Sat,1,0,,Weekend,Summer,1,96,0,0,0,0,0
2026-06-21,2026,2,Q2,6,June,Jun,202606,2026-06,21,172,25,7,Sunday,Sun,1,0,,Weekend,Summer,1,95,0,0,0,0,0
2026-06-22,2026,2,Q2,6,June,Jun,202606,2026-06,22,173,26,1,Monday,Mon,0,0,,Weekday,Summer,1,94,0,0,0,0,0
2026-06-23,2026,2,Q2,6,June,Jun,202606,2026-06,23,174,26,2,Tuesday,Tue,0,0,,Weekday,Summer,1,93,0,0,0,0,0
2026-06-24,2026,2,Q2,6,June,Jun,202606,2026-06,24,175,26,3,Wednesday,Wed,0,0,,Weekday,Summer,1,92,0,0,0,0,0
2026-06-25,2026,2,Q2,6,June,Jun,202606,2026-06,25,176,26,4,Thursday,Thu,0,0,,Weekday,Summer,1,91,0,0,0,0,0
2026-06-26,2026,2,Q2,6,June,Jun,202606,2026-06,26,177,26,5,Friday,Fri,0,0,,Weekday,Summer,1,90,0,0,0,0,0
2026-06-27,2026,2,Q2,6,June,Jun,202606,2026-06,27,178,26,6,Saturday,Sat,1,0,,Weekend,Summer,1,89,0,0,0,0,0
2026-06-28,2026,2,Q2,6,June,Jun,202606,2026-06,28,179,26,7,Sunday,Sun,1,0,,Weekend,Summer,1,88,0,0,0,0,0
2026-06-29,2026,2,Q2,6,June,Jun,202606,2026-06,29,180,27,1,Monday,Mon,0,0,,Weekday,Summer,1,87,0,0,0,0,0
2026-06-30,2026,2,Q2,6,June,Jun,202606,2026-06,30,181,27,2,Tuesday,Tue,0,0,,Weekday,Summer,1,86,0,0,0,0,0
2026-07-01,2026,3,Q3,7,July,Jul,202607,2026-07,1,182,27,3,Wednesday,Wed,0,0,,Weekday,Summer,1,85,0,0,0,0,0
2026-07-02,2026,3,Q3,7,July,Jul,202607,2026-07,2,183,27,4,Thursday,Thu,0,0,,Weekday,Summer,1,84,0,0,0,0,0
2026-07-03,2026,3,Q3,7,July,Jul,202607,2026-07,3,184,27,5,Friday,Fri,0,1,Independence Day,Holiday,Summer,1,83,0,0,0,0,0
2026-07-04,2026,3,Q3,7,July,Jul,202607,2026-07,4,185,27,6,Saturday,Sat,1,0,,Weekend,Summer,1,82,0,0,0,0,0
2026-07-05,2026,3,Q3,7,July,Jul,202607,2026-07,5,186,27,7,Sunday,Sun,1,0,,Weekend,Summer,1,81,0,0,0,0,0
2026-07-06,2026,3,Q3,7,July,Jul,202607,2026-07,6,187,28,1,Monday,Mon,0,0,,Weekday,Summer,1,80,0,0,0,0,0
2026-07-07,2026,3,Q3,7,July,Jul,202607,2026-07,7,188,28,2,Tuesday,Tue,0,0,,Weekday,Summer,1,79,0,0,0,0,0
2026-07-08,2026,3,Q3,7,July,Jul,202607,2026-07,8,189,28,3,Wednesday,Wed,0,0,,Weekday,Summer,1,78,0,0,0,0,0
2026-07-09,2026,3,Q3,7,July,Jul,202607,2026-07,9,190,28,4,Thursday,Thu,0,0,,Weekday,Summer,1,77,0,0,0,0,0
2026-07-10,2026,3,Q3,7,July,Jul,202607,2026-07,10,191,28,5,Friday,Fri,0,0,,Weekday,Summer,1,76,0,0,0,0,0
2026-07-11,2026,3,Q3,7,July,Jul,202607,2026-07,11,192,28,6,Saturday,Sat,1,0,,Weekend,Summer,1,75,0,0,0,0,0
2026-07-12,2026,3,Q3,7,July,Jul,202607,2026-07,12,193,28,7,Sunday,Sun,1,0,,Weekend,Summer,1,74,0,0,0,0,0
2026-07-13,2026,3,Q3,7,July,Jul,202607,2026-07,13,194,29,1,Monday,Mon,0,0,,Weekday,Summer,1,73,0,0,0,0,0
2026-07-14,2026,3,Q3,7,July,Jul,202607,2026-07,14,195,29,2,Tuesday,Tue,0,0,,Weekday,Summer,1,72,0,0,0,0,0
2026-07-15,2026,3,Q3,7,July,Jul,202607,2026-07,15,196,29,3,Wednesday,Wed,0,0,,Weekday,Summer,1,71,0,0,0,0,0
2026-07-16,2026,3,Q3,7,July,Jul,202607,2026-07,16,197,29,4,Thursday,Thu,0,0,,Weekday,Summer,1,70,0,0,0,0,0
2026-07-17,2026,3,Q3,7,July,Jul,202607,2026-07,17,198,29,5,Friday,Fri,0,0,,Weekday,Summer,1,69,0,0,0,0,0
2026-07-18,2026,3,Q3,7,July,Jul,202607,2026-07,18,199,29,6,Saturday,Sat,1,0,,Weekend,Summer,1,68,0,0,0,0,0
2026-07-19,2026,3,Q3,7,July,Jul,202607,2026-07,19,200,29,7,Sunday,Sun,1,0,,Weekend,Summer,1,67,0,0,0,0,0
2026-07-20,2026,3,Q3,7,July,Jul,202607,2026-07,20,201,30,1,Monday,Mon,0,0,,Weekday,Summer,1,66,0,0,0,0,0
2026-07-21,2026,3,Q3,7,July,Jul,202607,2026-07,21,202,30,2,Tuesday,Tue,0,0,,Weekday,Summer,1,65,0,0,0,0,0
2026-07-22,2026,3,Q3,7,July,Jul,202607,2026-07,22,203,30,3,Wednesday,Wed,0,0,,Weekday,Summer,1,64,0,0,0,0,0
2026-07-23,2026,3,Q3,7,July,Jul,202607,2026-07,23,204,30,4,Thursday,Thu,0,0,,Weekday,Summer,1,63,0,0,0,0,0
2026-07-24,2026,3,Q3,7,July,Jul,202607,2026-07,24,205,30,5,Friday,Fri,0,0,,Weekday,Summer,1,62,0,0,0,0,0
2026-07-25,2026,3,Q3,7,July,Jul,202607,2026-07,25,206,30,6,Saturday,Sat,1,0,,Weekend,Summer,1,61,0,0,0,0,0
2026-07-26,2026,3,Q3,7,July,Jul,202607,2026-07,26,207,30,7,Sunday,Sun,1,0,,Weekend,Summer,1,60,0,0,0,0,0
2026-07-27,2026,3,Q3,7,July,Jul,202607,2026-07,27,208,31,1,Monday,Mon,0,0,,Weekday,Summer,1,59,0,0,0,0,0
2026-07-28,2026,3,Q3,7,July,Jul,202607,2026-07,28,209,31,2,Tuesday,Tue,0,0,,Weekday,Summer,1,58,0,0,0,0,0
2026-07-29,2026,3,Q3,7,July,Jul,202607,2026-07,29,210,31,3,Wednesday,Wed,0,0,,Weekday,Summer,1,57,0,0,0,0,0
2026-07-30,2026,3,Q3,7,July,Jul,202607,2026-07,30,211,31,4,Thursday,Thu,0,0,,Weekday,Summer,1,56,0,0,0,0,0
2026-07-31,2026,3,Q3,7,July,Jul,202607,2026-07,31,212,31,5,Friday,Fri,0,0,,Weekday,Summer,1,55,0,0,0,0,0
2026-08-01,2026,3,Q3,8,August,Aug,202608,2026-08,1,213,31,6,Saturday,Sat,1,0,,Weekend,Summer,1,54,0,0,0,0,0
2026-08-02,2026,3,Q3,8,August,Aug,202608,2026-08,2,214,31,7,Sunday,Sun,1,0,,Weekend,Summer,1,53,0,0,0,0,0
2026-08-03,2026,3,Q3,8,August,Aug,202608,2026-08,3,215,32,1,Monday,Mon,0,0,,Weekday,Summer,1,52,0,0,0,0,0
2026-08-04,2026,3,Q3,8,August,Aug,202608,2026-08,4,216,32,2,Tuesday,Tue,0,0,,Weekday,Summer,1,51,0,0,0,0,0
2026-08-05,2026,3,Q3,8,August,Aug,202608,2026-08,5,217,32,3,Wednesday,Wed,0,0,,Weekday,Summer,1,50,0,0,0,0,0
2026-08-06,2026,3,Q3,8,August,Aug,202608,2026-08,6,218,32,4,Thursday,Thu,0,0,,Weekday,Summer,1,49,0,0,0,0,0
2026-08-07,2026,3,Q3,8,August,Aug,202608,2026-08,7,219,32,5,Friday,Fri,0,0,,Weekday,Summer,1,48,0,0,0,0,0
2026-08-08,2026,3,Q3,8,August,Aug,202608,2026-08,8,220,32,6,Saturday,Sat,1,0,,Weekend,Summer,1,47,0,0,0,0,0
2026-08-09,2026,3,Q3,8,August,Aug,202608,2026-08,9,221,32,7,Sunday,Sun,1,0,,Weekend,Summer,1,46,0,0,0,0,0
2026-08-10,2026,3,Q3,8,August,Aug,202608,2026-08,10,222,33,1,Monday,Mon,0,0,,Weekday,Summer,1,45,0,0,0,0,0
2026-08-11,2026,3,Q3,8,August,Aug,202608,2026-08,11,223,33,2,Tuesday,Tue,0,0,,Weekday,Summer,1,44,0,0,0,0,0
2026-08-12,2026,3,Q3,8,August,Aug,202608,2026-08,12,224,33,3,Wednesday,Wed,0,0,,Weekday,Summer,1,43,0,0,0,0,0
2026-08-13,2026,3,Q3,8,August,Aug,202608,2026-08,13,225,33,4,Thursday,Thu,0,0,,Weekday,Summer,1,42,0,0,0,0,0
2026-08-14,2026,3,Q3,8,August,Aug,202608,2026-08,14,226,33,5,Friday,Fri,0,0,,Weekday,Summer,1,41,0,0,0,0,0
2026-08-15,2026,3,Q3,8,August,Aug,202608,2026-08,15,227,33,6,Saturday,Sat,1,0,,Weekend,Summer,1,40,0,0,0,0,0
2026-08-16,2026,3,Q3,8,August,Aug,202608,2026-08,16,228,33,7,Sunday,Sun,1,0,,Weekend,Summer,1,39,0,0,0,0,0
2026-08-17,2026,3,Q3,8,August,Aug,202608,2026-08,17,229,34,1,Monday,Mon,0,0,,Weekday,Summer,1,38,0,0,0,0,0
2026-08-18,2026,3,Q3,8,August,Aug,202608,2026-08,18,230,34,2,Tuesday,Tue,0,0,,Weekday,Summer,1,37,0,0,0,0,0
2026-08-19,2026,3,Q3,8,August,Aug,202608,2026-08,19,231,34,3,Wednesday,Wed,0,0,,Weekday,Summer,1,36,0,0,0,0,0
2026-08-20,2026,3,Q3,8,August,Aug,202608,2026-08,20,232,34,4,Thursday,Thu,0,0,,Weekday,Summer,1,35,0,0,0,0,0
2026-08-21,2026,3,Q3,8,August,Aug,202608,2026-08,21,233,34,5,Friday,Fri,0,0,,Weekday,Summer,1,34,0,0,0,0,0
2026-08-22,2026,3,Q3,8,August,Aug,202608,2026-08,22,234,34,6,Saturday,Sat,1,0,,Weekend,Summer,1,33,0,0,0,0,0
2026-08-23,2026,3,Q3,8,August,Aug,202608,2026-08,23,235,34,7,Sunday,Sun,1,0,,Weekend,Summer,1,32,0,0,0,0,0
2026-08-24,2026,3,Q3,8,August,Aug,202608,2026-08,24,236,35,1,Monday,Mon,0,0,,Weekday,Summer,1,31,0,0,0,0,0
2026-08-25,2026,3,Q3,8,August,Aug,202608,2026-08,25,237,35,2,Tuesday,Tue,0,0,,Weekday,Summer,1,30,0,0,0,0,0
2026-08-26,2026,3,Q3,8,August,Aug,202608,2026-08,26,238,35,3,Wednesday,Wed,0,0,,Weekday,Summer,1,29,0,0,0,0,1
2026-08-27,2026,3,Q3,8,August,Aug,202608,2026-08,27,239,35,4,Thursday,Thu,0,0,,Weekday,Summer,1,28,0,0,0,0,1
2026-08-28,2026,3,Q3,8,August,Aug,202608,2026-08,28,240,35,5,Friday,Fri,0,0,,Weekday,Summer,1,27,0,0,0,0,1
2026-08-29,2026,3,Q3,8,August,Aug,202608,2026-08,29,241,35,6,Saturday,Sat,1,0,,Weekend,Summer,1,26,0,0,0,0,1
2026-08-30,2026,3,Q3,8,August,Aug,202608,2026-08,30,242,35,7,Sunday,Sun,1,0,,Weekend,Summer,1,25,0,0,0,0,1
2026-08-31,2026,3,Q3,8,August,Aug,202608,2026-08,31,243,36,1,Monday,Mon,0,0,,Weekday,Summer,1,24,0,0,0,0,1
2026-09-01,2026,3,Q3,9,September,Sep,202609,2026-09,1,244,36,2,Tuesday,Tue,0,0,,Weekday,Autumn,1,23,0,0,0,0,1
2026-09-02,2026,3,Q3,9,September,Sep,202609,2026-09,2,245,36,3,Wednesday,Wed,0,0,,Weekday,Autumn,1,22,0,0,0,0,1
2026-09-03,2026,3,Q3,9,September,Sep,202609,2026-09,3,246,36,4,Thursday,Thu,0,0,,Weekday,Autumn,1,21,0,0,0,0,1
2026-09-04,2026,3,Q3,9,September,Sep,202609,2026-09,4,247,36,5,Friday,Fri,0,0,,Weekday,Autumn,1,20,0,0,0,0,1
2026-09-05,2026,3,Q3,9,September,Sep,202609,2026-09,5,248,36,6,Saturday,Sat,1,0,,Weekend,Autumn,1,19,0,0,0,0,1
2026-09-06,2026,3,Q3,9,September,Sep,202609,2026-09,6,249,36,7,Sunday,Sun,1,0,,Weekend,Autumn,1,18,0,0,0,0,1
2026-09-07,2026,3,Q3,9,September,Sep,202609,2026-09,7,250,37,1,Monday,Mon,0,1,Labor Day,Holiday,Autumn,1,17,0,0,0,0,1
2026-09-08,2026,3,Q3,9,September,Sep,202609,2026-09,8,251,37,2,Tuesday,Tue,0,0,,Weekday,Autumn,1,16,0,0,0,0,1
2026-09-09,2026,3,Q3,9,September,Sep,202609,2026-09,9,252,37,3,Wednesday,Wed,0,0,,Weekday,Autumn,1,15,0,0,0,0,1
2026-09-10,2026,3,Q3,9,September,Sep,202609,2026-09,10,253,37,4,Thursday,Thu,0,0,,Weekday,Autumn,1,14,0,0,0,0,1
2026-09-11,2026,3,Q3,9,September,Sep,202609,2026-09,11,254,37,5,Friday,Fri,0,0,,Weekday,Autumn,1,13,0,0,0,0,1
2026-09-12,2026,3,Q3,9,September,Sep,202609,2026-09,12,255,37,6,Saturday,Sat,1,0,,Weekend,Autumn,1,12,0,0,0,0,1
2026-09-13,2026,3,Q3,9,September,Sep,202609,2026-09,13,256,37,7,Sunday,Sun,1,0,,Weekend,Autumn,1,11,0,0,0,0,1
2026-09-14,2026,3,Q3,9,September,Sep,202609,2026-09,14,257,38,1,Monday,Mon,0,0,,Weekday,Autumn,1,10,0,0,0,0,1
2026-09-15,2026,3,Q3,9,September,Sep,202609,2026-09,15,258,38,2,Tuesday,Tue,0,0,,Weekday,Autumn,1,9,0,0,0,0,1
2026-09-16,2026,3,Q3,9,September,Sep,202609,2026-09,16,259,38,3,Wednesday,Wed,0,0,,Weekday,Autumn,1,8,0,0,0,0,1
2026-09-17,2026,3,Q3,9,September,Sep,202609,2026-09,17,260,38,4,Thursday,Thu,0,0,,Weekday,Autumn,1,7,0,0,0,0,1
2026-09-18,2026,3,Q3,9,September,Sep,202609,2026-09,18,261,38,5,Friday,Fri,0,0,,Weekday,Autumn,1,6,0,0,0,1,1
2026-09-19,2026,3,Q3,9,September,Sep,202609,2026-09,19,262,38,6,Saturday,Sat,1,0,,Weekend,Autumn,1,5,0,0,0,1,1
2026-09-20,2026,3,Q3,9,September,Sep,202609,2026-09,20,263,38,7,Sunday,Sun,1,0,,Weekend,Autumn,1,4,0,0,0,1,1
2026-09-21,2026,3,Q3,9,September,Sep,202609,2026-09,21,264,39,1,Monday,Mon,0,0,,Weekday,Autumn,1,3,0,0,0,1,1
2026-09-22,2026,3,Q3,9,September,Sep,202609,2026-09,22,265,39,2,Tuesday,Tue,0,0,,Weekday,Autumn,1,2,0,0,0,1,1
2026-09-23,2026,3,Q3,9,September,Sep,202609,2026-09,23,266,39,3,Wednesday,Wed,0,0,,Weekday,Autumn,1,1,0,1,0,1,1
2026-09-24,2026,3,Q3,9,September,Sep,202609,2026-09,24,267,39,4,Thursday,Thu,0,0,,Weekday,Autumn,1,0,1,0,0,1,1
2026-09-25,2026,3,Q3,9,September,Sep,202609,2026-09,25,268,39,5,Friday,Fri,0,0,,Weekday,Autumn,1,-1,0,0,1,0,0
2026-09-26,2026,3,Q3,9,September,Sep,202609,2026-09,26,269,39,6,Saturday,Sat,1,0,,Weekend,Autumn,1,-2,0,0,1,0,0
2026-09-27,2026,3,Q3,9,September,Sep,202609,2026-09,27,270,39,7,Sunday,Sun,1,0,,Weekend,Autumn,1,-3,0,0,1,0,0
2026-09-28,2026,3,Q3,9,September,Sep,202609,2026-09,28,271,40,1,Monday,Mon,0,0,,Weekday,Autumn,1,-4,0,0,1,0,0
2026-09-29,2026,3,Q3,9,September,Sep,202609,2026-09,29,272,40,2,Tuesday,Tue,0,0,,Weekday,Autumn,1,-5,0,0,1,0,0
2026-09-30,2026,3,Q3,9,September,Sep,202609,2026-09,30,273,40,3,Wednesday,Wed,0,0,,Weekday,Autumn,1,-6,0,0,1,0,0
2026-10-01,2026,4,Q4,10,October,Oct,202610,2026-10,1,274,40,4,Thursday,Thu,0,0,,Weekday,Autumn,0,-7,0,0,1,0,0
2026-10-02,2026,4,Q4,10,October,Oct,202610,2026-10,2,275,40,5,Friday,Fri,0,0,,Weekday,Autumn,0,-8,0,0,1,0,0
2026-10-03,2026,4,Q4,10,October,Oct,202610,2026-10,3,276,40,6,Saturday,Sat,1,0,,Weekend,Autumn,0,-9,0,0,1,0,0
